{
  "Acentric_Factor": 0.209,
  "BO_BSW": 0.0,
  "BO_GOR": 0.0,
  "BO_OilVisc1": 0.0,
  "BO_OilVisc2": 0.0,
  "BO_OilViscTemp1": 0.0,
  "BO_OilViscTemp2": 0.0,
  "BO_PNA_A": 0.0,
  "BO_PNA_N": 0.0,
  "BO_PNA_P": 0.0,
  "BO_SGG": 0.0,
  "BO_SGO": 0.0,
  "CAS_Number": "71-43-2",
  "Chao_Seader_Acentricity": 0.213,
  "Chao_Seader_Liquid_Molar_Volume": 89.399999999999991,
  "Chao_Seader_Solubility_Parameter": 0.00447520495588,
  "Charge": 0,
  "ChemicalStructure": "",
  "Comments": "",
  "CompCreatorStudyFile": "",
  "COSMODBName": null,
  "Critical_Compressibility": 0.268,
  "Critical_Pressure": 4895000.0,
  "Critical_Temperature": 562.05,
  "Critical_Volume": 0.256,
  "CurrentDB": "ChemSep",
  "Dipole_Moment": 0.0,
  "Electrolyte_Cp0": 0.0,
  "Electrolyte_DelGF": 0.0,
  "Electrolyte_DelHF": 0.0,
  "EnthalpyOfFusionAtTf": 9.866,
  "Formula": "-CHCHCHCHCHCH-",
  "HVap_A": 48810000.0,
  "HVap_B": 0.61066,
  "HVap_C": -0.25882,
  "HVap_D": 0.032238,
  "HVap_E": 0.022475,
  "HVap_TMAX": 562.05,
  "HVap_TMIN": 273.1,
  "HydrationNumber": 0.0,
  "ID": 501,
  "Ideal_Gas_Heat_Capacity_Const_A": 34010.24,
  "Ideal_Gas_Heat_Capacity_Const_B": -588.0978,
  "Ideal_Gas_Heat_Capacity_Const_C": 12.81777,
  "Ideal_Gas_Heat_Capacity_Const_D": -0.000197306,
  "Ideal_Gas_Heat_Capacity_Const_E": 5.142899E-08,
  "IdealgasCpEquation": "16",
  "IG_Enthalpy_of_Formation_25C": 1061.0427305258715,
  "IG_Entropy_of_Formation_25C": -2.0060934146254188,
  "IG_Gibbs_Energy_of_Formation_25C": 1659.1594820964401,
  "InChI": "",
  "Ion_CpAq_a": 0.0,
  "Ion_CpAq_b": 0.0,
  "Ion_CpAq_c": 0.0,
  "IsBlackOil": false,
  "IsCOOLPROPSupported": true,
  "IsFPROPSSupported": false,
  "IsHydratedSalt": false,
  "IsHYPO": 0,
  "IsIon": false,
  "IsModified": false,
  "IsPF": 0,
  "IsSalt": false,
  "Liquid_Density_Const_A": 0.99938,
  "Liquid_Density_Const_B": 0.26348,
  "Liquid_Density_Const_C": 562.05,
  "Liquid_Density_Const_D": 0.27856,
  "Liquid_Density_Const_E": 0.0,
  "Liquid_Density_Tmax": 562.05,
  "Liquid_Density_Tmin": 273.1,
  "Liquid_Heat_Capacity_Const_A": 111460.0,
  "Liquid_Heat_Capacity_Const_B": -1854.3,
  "Liquid_Heat_Capacity_Const_C": 22.399,
  "Liquid_Heat_Capacity_Const_D": -0.028936,
  "Liquid_Heat_Capacity_Const_E": 2.8991E-05,
  "Liquid_Heat_Capacity_Tmax": 500.0,
  "Liquid_Heat_Capacity_Tmin": 278.68,
  "Liquid_Thermal_Conductivity_Const_A": 0.049539,
  "Liquid_Thermal_Conductivity_Const_B": -177.97,
  "Liquid_Thermal_Conductivity_Const_C": 0.19475,
  "Liquid_Thermal_Conductivity_Const_D": -0.0073805,
  "Liquid_Thermal_Conductivity_Const_E": 2.7938E-06,
  "Liquid_Thermal_Conductivity_Tmax": 413.1,
  "Liquid_Thermal_Conductivity_Tmin": 273.1,
  "Liquid_Viscosity_Const_A": -24.61,
  "Liquid_Viscosity_Const_B": 1576.5,
  "Liquid_Viscosity_Const_C": 2.1698,
  "Liquid_Viscosity_Const_D": -5.1366E-06,
  "Liquid_Viscosity_Const_E": 2.0,
  "LiquidDensityEquation": "105",
  "LiquidHeatCapacityEquation": "16",
  "LiquidThermalConductivityEquation": "16",
  "LiquidViscosityEquation": "101",
  "Molar_Weight": 78.11184,
  "MolarVolume_k1i": 0.0,
  "MolarVolume_k2i": 0.0,
  "MolarVolume_k3i": 0.0,
  "MolarVolume_v2i": 0.0,
  "MolarVolume_v3i": 0.0,
  "Name": "Benzene",
  "NBP": null,
  "NegativeIon": "",
  "NegativeIonStoichCoeff": 0,
  "Normal_Boiling_Point": 353.24,
  "OriginalDB": "ChemSep",
  "PC_SAFT_epsilon_k": 0.0,
  "PC_SAFT_m": 0.0,
  "PC_SAFT_sigma": 0.0,
  "PF_MM": null,
  "PF_SG": null,
  "PF_Tv1": null,
  "PF_Tv2": null,
  "PF_v1": null,
  "PF_v2": null,
  "PF_vA": null,
  "PF_vB": null,
  "PF_Watson_K": null,
  "PositiveIon": "",
  "PositiveIonStoichCoeff": 0,
  "PR_Volume_Translation_Coefficient": 0.0,
  "SMILES": "c1ccccc1",
  "Solid_Density_Const_A": 13.059,
  "Solid_Density_Const_B": -0.00034838,
  "Solid_Density_Const_C": 0.0,
  "Solid_Density_Const_D": 0.0,
  "Solid_Density_Const_E": 0.0,
  "Solid_Density_Tmax": 282.6,
  "Solid_Density_Tmin": 273.1,
  "Solid_Heat_Capacity_Const_A": -124.61,
  "Solid_Heat_Capacity_Const_B": 909.02,
  "Solid_Heat_Capacity_Const_C": -6.049,
  "Solid_Heat_Capacity_Const_D": 0.022885,
  "Solid_Heat_Capacity_Const_E": -2.4638E-05,
  "Solid_Heat_Capacity_Tmax": 278.7,
  "Solid_Heat_Capacity_Tmin": 40.0,
  "SolidDensityAtTs": 0.0,
  "SolidDensityEquation": "2",
  "SolidHeatCapacityEquation": "100",
  "SolidTs": 0.0,
  "SRK_Volume_Translation_Coefficient": 0.0,
  "StandardStateMolarVolume": 0.0,
  "StoichSum": 0,
  "Surface_Tension_Const_A": -0.02575,
  "Surface_Tension_Const_B": -212.19,
  "Surface_Tension_Const_C": -0.62089,
  "Surface_Tension_Const_D": -0.0059738,
  "Surface_Tension_Const_E": 2.1771E-06,
  "Surface_Tension_Tmax": 562.05,
  "Surface_Tension_Tmin": 273.1,
  "SurfaceTensionEquation": "16",
  "TemperatureOfFusion": 278.68,
  "UNIQUAC_Q": 2.4,
  "UNIQUAC_R": 3.1878,
  "Vapor_Pressure_Constant_A": 88.368,
  "Vapor_Pressure_Constant_B": -6712.9,
  "Vapor_Pressure_Constant_C": -10.022,
  "Vapor_Pressure_Constant_D": 7.694E-06,
  "Vapor_Pressure_Constant_E": 2.0,
  "Vapor_Pressure_TMAX": 562.16,
  "Vapor_Pressure_TMIN": 272.04,
  "Vapor_Thermal_Conductivity_Const_A": 4.9549E-06,
  "Vapor_Thermal_Conductivity_Const_B": 1.4519,
  "Vapor_Thermal_Conductivity_Const_C": 154.14,
  "Vapor_Thermal_Conductivity_Const_D": 26202.0,
  "Vapor_Thermal_Conductivity_Const_E": 0.0,
  "Vapor_Thermal_Conductivity_Tmax": 1000.0,
  "Vapor_Thermal_Conductivity_Tmin": 278.68,
  "Vapor_Viscosity_Const_A": 3.1366E-08,
  "Vapor_Viscosity_Const_B": 0.9675,
  "Vapor_Viscosity_Const_C": 8.0285,
  "Vapor_Viscosity_Const_D": -35.629,
  "Vapor_Viscosity_Const_E": 0.0,
  "Vapor_Viscosity_Tmax": 1000.0,
  "Vapor_Viscosity_Tmin": 273.1,
  "VaporizationEnthalpyEquation": "106",
  "VaporPressureEquation": "101",
  "VaporThermalConductivityEquation": "102",
  "VaporViscosityEquation": "102",
  "Z_Rackett": 0.2696,
  "Elements": {
    "C": 6.0,
    "H": 6.0
  },
  "MODFACGroups": {
    "9": 6
  },
  "NISTMODFACGroups": {
    "9": 6
  },
  "UNIFACGroups": {
    "10": 6
  },
  "FullerDiffusionVolume": 90.95999,
  "LennardJonesDiameter": 5.753029E-10,
  "LennardJonesEnergy": 320.6073,
  "Parachor": 0.0367,
  "Tag": "",
  "ExtraProperties": {},
  "COSTALD_SRK_Acentric_Factor": 0.21367,
  "COSTALD_Characteristic_Volume": 0.25639
}