{
  "Acentric_Factor": 0.199,
  "BO_BSW": 0.0,
  "BO_GOR": 0.0,
  "BO_OilVisc1": 0.0,
  "BO_OilVisc2": 0.0,
  "BO_OilViscTemp1": 0.0,
  "BO_OilViscTemp2": 0.0,
  "BO_PNA_A": 0.0,
  "BO_PNA_N": 0.0,
  "BO_PNA_P": 0.0,
  "BO_SGG": 0.0,
  "BO_SGO": 0.0,
  "CAS_Number": "106-97-8",
  "Chao_Seader_Acentricity": 0.1953,
  "Chao_Seader_Liquid_Molar_Volume": 101.4,
  "Chao_Seader_Solubility_Parameter": 0.00328800419366,
  "Charge": 0,
  "ChemicalStructure": "",
  "Comments": "",
  "CompCreatorStudyFile": "",
  "COSMODBName": null,
  "Critical_Compressibility": 0.274,
  "Critical_Pressure": 3796000.0,
  "Critical_Temperature": 425.12,
  "Critical_Volume": 0.255,
  "CurrentDB": "ChemSep",
  "Dipole_Moment": 0.0,
  "Electrolyte_Cp0": 0.0,
  "Electrolyte_DelGF": 0.0,
  "Electrolyte_DelHF": 0.0,
  "EnthalpyOfFusionAtTf": 4.661,
  "Formula": "CH3(CH2)2CH3",
  "HVap_A": 36258000.0,
  "HVap_B": 0.83741,
  "HVap_C": -0.83676,
  "HVap_D": 0.41526,
  "HVap_E": -0.007606,
  "HVap_TMAX": 425.16,
  "HVap_TMIN": 134.86,
  "HydrationNumber": 0.0,
  "ID": 5,
  "Ideal_Gas_Heat_Capacity_Const_A": 44749.95,
  "Ideal_Gas_Heat_Capacity_Const_B": -338.1412,
  "Ideal_Gas_Heat_Capacity_Const_C": 11.81452,
  "Ideal_Gas_Heat_Capacity_Const_D": 0.00097744,
  "Ideal_Gas_Heat_Capacity_Const_E": -3.359129E-07,
  "IdealgasCpEquation": "16",
  "IG_Enthalpy_of_Formation_25C": -2164.23328779709,
  "IG_Entropy_of_Formation_25C": -6.29517899975051,
  "IG_Gibbs_Energy_of_Formation_25C": -287.32566902147545,
  "InChI": "",
  "Ion_CpAq_a": 0.0,
  "Ion_CpAq_b": 0.0,
  "Ion_CpAq_c": 0.0,
  "IsBlackOil": false,
  "IsCOOLPROPSupported": true,
  "IsFPROPSSupported": false,
  "IsHydratedSalt": false,
  "IsHYPO": 0,
  "IsIon": false,
  "IsModified": false,
  "IsPF": 0,
  "IsSalt": false,
  "Liquid_Density_Const_A": 1.0023,
  "Liquid_Density_Const_B": 0.26457,
  "Liquid_Density_Const_C": 425.17,
  "Liquid_Density_Const_D": 0.27138,
  "Liquid_Density_Const_E": 0.0,
  "Liquid_Density_Tmax": 425.16,
  "Liquid_Density_Tmin": 134.86,
  "Liquid_Heat_Capacity_Const_A": 115150.0,
  "Liquid_Heat_Capacity_Const_B": -3564.7,
  "Liquid_Heat_Capacity_Const_C": 41.067,
  "Liquid_Heat_Capacity_Const_D": -0.098803,
  "Liquid_Heat_Capacity_Const_E": 0.0001183,
  "Liquid_Heat_Capacity_Tmax": 400.0,
  "Liquid_Heat_Capacity_Tmin": 133.15,
  "Liquid_Thermal_Conductivity_Const_A": 0.00024966,
  "Liquid_Thermal_Conductivity_Const_B": -43.155,
  "Liquid_Thermal_Conductivity_Const_C": -0.78129,
  "Liquid_Thermal_Conductivity_Const_D": -0.0043776,
  "Liquid_Thermal_Conductivity_Const_E": -4.136E-08,
  "Liquid_Thermal_Conductivity_Tmax": 400.0,
  "Liquid_Thermal_Conductivity_Tmin": 134.86,
  "Liquid_Viscosity_Const_A": -46.56549,
  "Liquid_Viscosity_Const_B": 1439.945,
  "Liquid_Viscosity_Const_C": 6.168131,
  "Liquid_Viscosity_Const_D": -2.3917E-05,
  "Liquid_Viscosity_Const_E": 2.0,
  "LiquidDensityEquation": "105",
  "LiquidHeatCapacityEquation": "16",
  "LiquidThermalConductivityEquation": "16",
  "LiquidViscosityEquation": "101",
  "Molar_Weight": 58.1222,
  "MolarVolume_k1i": 0.0,
  "MolarVolume_k2i": 0.0,
  "MolarVolume_k3i": 0.0,
  "MolarVolume_v2i": 0.0,
  "MolarVolume_v3i": 0.0,
  "Name": "N-butane",
  "NBP": null,
  "NegativeIon": "",
  "NegativeIonStoichCoeff": 0,
  "Normal_Boiling_Point": 272.66,
  "OriginalDB": "ChemSep",
  "PC_SAFT_epsilon_k": 0.0,
  "PC_SAFT_m": 0.0,
  "PC_SAFT_sigma": 0.0,
  "PF_MM": null,
  "PF_SG": null,
  "PF_Tv1": null,
  "PF_Tv2": null,
  "PF_v1": null,
  "PF_v2": null,
  "PF_vA": null,
  "PF_vB": null,
  "PF_Watson_K": null,
  "PositiveIon": "",
  "PositiveIonStoichCoeff": 0,
  "PR_Volume_Translation_Coefficient": 0.0,
  "SMILES": "CCCC",
  "Solid_Density_Const_A": 15.194,
  "Solid_Density_Const_B": -0.0068444,
  "Solid_Density_Const_C": 0.0,
  "Solid_Density_Const_D": 0.0,
  "Solid_Density_Const_E": 0.0,
  "Solid_Density_Tmax": 134.86,
  "Solid_Density_Tmin": 23.15,
  "Solid_Heat_Capacity_Const_A": -24310.0,
  "Solid_Heat_Capacity_Const_B": 1912.6,
  "Solid_Heat_Capacity_Const_C": -19.664,
  "Solid_Heat_Capacity_Const_D": 0.12331,
  "Solid_Heat_Capacity_Const_E": -0.00026167,
  "Solid_Heat_Capacity_Tmax": 130.16,
  "Solid_Heat_Capacity_Tmin": 22.35,
  "SolidDensityAtTs": 0.0,
  "SolidDensityEquation": "2",
  "SolidHeatCapacityEquation": "100",
  "SolidTs": 0.0,
  "SRK_Volume_Translation_Coefficient": 0.0,
  "StandardStateMolarVolume": 0.0,
  "StoichSum": 0,
  "Surface_Tension_Const_A": -0.035324,
  "Surface_Tension_Const_B": 4.5815,
  "Surface_Tension_Const_C": -2.4942,
  "Surface_Tension_Const_D": -0.0015096,
  "Surface_Tension_Const_E": -1.3297E-06,
  "Surface_Tension_Tmax": 409.84,
  "Surface_Tension_Tmin": 134.86,
  "SurfaceTensionEquation": "16",
  "TemperatureOfFusion": 134.86,
  "UNIQUAC_Q": 2.776,
  "UNIQUAC_R": 3.151,
  "Vapor_Pressure_Constant_A": 68.5773,
  "Vapor_Pressure_Constant_B": -4444.916,
  "Vapor_Pressure_Constant_C": -7.395837,
  "Vapor_Pressure_Constant_D": 9.857432E-06,
  "Vapor_Pressure_Constant_E": 2.0,
  "Vapor_Pressure_TMAX": 425.16,
  "Vapor_Pressure_TMIN": 134.86,
  "Vapor_Thermal_Conductivity_Const_A": 0.042635,
  "Vapor_Thermal_Conductivity_Const_B": 0.45147,
  "Vapor_Thermal_Conductivity_Const_C": 4234.0,
  "Vapor_Thermal_Conductivity_Const_D": 1756600.0,
  "Vapor_Thermal_Conductivity_Const_E": 0.0,
  "Vapor_Thermal_Conductivity_Tmax": 1000.0,
  "Vapor_Thermal_Conductivity_Tmin": 134.86,
  "Vapor_Viscosity_Const_A": 2.7078E-08,
  "Vapor_Viscosity_Const_B": 0.97146999999999994,
  "Vapor_Viscosity_Const_C": -51.16,
  "Vapor_Viscosity_Const_D": 6431.0,
  "Vapor_Viscosity_Const_E": 0.0,
  "Vapor_Viscosity_Tmax": 1000.0,
  "Vapor_Viscosity_Tmin": 134.86,
  "VaporizationEnthalpyEquation": "106",
  "VaporPressureEquation": "101",
  "VaporThermalConductivityEquation": "102",
  "VaporViscosityEquation": "102",
  "Z_Rackett": 0.2728,
  "Elements": {
    "C": 4.0,
    "H": 10.0
  },
  "MODFACGroups": {
    "1": 2,
    "2": 2
  },
  "NISTMODFACGroups": {
    "1": 2,
    "2": 2
  },
  "UNIFACGroups": {
    "1": 2,
    "2": 2
  },
  "FullerDiffusionVolume": 86.7,
  "LennardJonesDiameter": 5.594883E-10,
  "LennardJonesEnergy": 262.6193,
  "Parachor": 0.0339,
  "Tag": "",
  "ExtraProperties": {},
  "COSTALD_SRK_Acentric_Factor": 0.2008,
  "COSTALD_Characteristic_Volume": 0.25439
}