{
  "Acentric_Factor": 0.099,
  "BO_BSW": 0.0,
  "BO_GOR": 0.0,
  "BO_OilVisc1": 0.0,
  "BO_OilVisc2": 0.0,
  "BO_OilViscTemp1": 0.0,
  "BO_OilViscTemp2": 0.0,
  "BO_PNA_A": 0.0,
  "BO_PNA_N": 0.0,
  "BO_PNA_P": 0.0,
  "BO_SGG": 0.0,
  "BO_SGO": 0.0,
  "CAS_Number": "74-84-0",
  "Chao_Seader_Acentricity": 0.0908,
  "Chao_Seader_Liquid_Molar_Volume": 55.197900000000004,
  "Chao_Seader_Solubility_Parameter": 0.0029557670192,
  "Charge": 0,
  "ChemicalStructure": "",
  "Comments": "",
  "CompCreatorStudyFile": "",
  "COSMODBName": null,
  "Critical_Compressibility": 0.279,
  "Critical_Pressure": 4872000.0,
  "Critical_Temperature": 305.32,
  "Critical_Volume": 0.1455,
  "CurrentDB": "ChemSep",
  "Dipole_Moment": 0.0,
  "Electrolyte_Cp0": 0.0,
  "Electrolyte_DelGF": 0.0,
  "Electrolyte_DelHF": 0.0,
  "EnthalpyOfFusionAtTf": 2.859,
  "Formula": "CH3CH3",
  "HVap_A": 23996000.0,
  "HVap_B": 1.4625,
  "HVap_C": -2.8991,
  "HVap_D": 2.8421,
  "HVap_E": -0.99532,
  "HVap_TMAX": 305.33,
  "HVap_TMIN": 89.88,
  "HydrationNumber": 0.0,
  "ID": 2,
  "Ideal_Gas_Heat_Capacity_Const_A": 35666.22,
  "Ideal_Gas_Heat_Capacity_Const_B": -616.5198,
  "Ideal_Gas_Heat_Capacity_Const_C": 11.69914,
  "Ideal_Gas_Heat_Capacity_Const_D": 0.000444525,
  "Ideal_Gas_Heat_Capacity_Const_E": -1.541942E-07,
  "IdealgasCpEquation": "16",
  "IG_Enthalpy_of_Formation_25C": -2787.5848380926027,
  "IG_Entropy_of_Formation_25C": -5.7891257239978229,
  "IG_Gibbs_Energy_of_Formation_25C": -1061.5570034826519,
  "InChI": "",
  "Ion_CpAq_a": 0.0,
  "Ion_CpAq_b": 0.0,
  "Ion_CpAq_c": 0.0,
  "IsBlackOil": false,
  "IsCOOLPROPSupported": true,
  "IsFPROPSSupported": false,
  "IsHydratedSalt": false,
  "IsHYPO": 0,
  "IsIon": false,
  "IsModified": false,
  "IsPF": 0,
  "IsSalt": false,
  "Liquid_Density_Const_A": 1.3749,
  "Liquid_Density_Const_B": 0.23949,
  "Liquid_Density_Const_C": 305.43,
  "Liquid_Density_Const_D": 0.22875,
  "Liquid_Density_Const_E": 0.0,
  "Liquid_Density_Tmax": 305.42,
  "Liquid_Density_Tmin": 88.71,
  "Liquid_Heat_Capacity_Const_A": 68726.0,
  "Liquid_Heat_Capacity_Const_B": -1953.6,
  "Liquid_Heat_Capacity_Const_C": 31.772,
  "Liquid_Heat_Capacity_Const_D": -0.10571,
  "Liquid_Heat_Capacity_Const_E": 0.00019673,
  "Liquid_Heat_Capacity_Tmax": 290.0,
  "Liquid_Heat_Capacity_Tmin": 88.71,
  "Liquid_Thermal_Conductivity_Const_A": -0.073876,
  "Liquid_Thermal_Conductivity_Const_B": -9.6787,
  "Liquid_Thermal_Conductivity_Const_C": -0.67405,
  "Liquid_Thermal_Conductivity_Const_D": -0.003407,
  "Liquid_Thermal_Conductivity_Const_E": -2.2023E-06,
  "Liquid_Thermal_Conductivity_Tmax": 300.0,
  "Liquid_Thermal_Conductivity_Tmin": 90.35,
  "Liquid_Viscosity_Const_A": -33.92204,
  "Liquid_Viscosity_Const_B": 743.404,
  "Liquid_Viscosity_Const_C": 4.302492,
  "Liquid_Viscosity_Const_D": -3.64469E-05,
  "Liquid_Viscosity_Const_E": 2.0,
  "LiquidDensityEquation": "105",
  "LiquidHeatCapacityEquation": "16",
  "LiquidThermalConductivityEquation": "16",
  "LiquidViscosityEquation": "101",
  "Molar_Weight": 30.06904,
  "MolarVolume_k1i": 0.0,
  "MolarVolume_k2i": 0.0,
  "MolarVolume_k3i": 0.0,
  "MolarVolume_v2i": 0.0,
  "MolarVolume_v3i": 0.0,
  "Name": "Ethane",
  "NBP": null,
  "NegativeIon": "",
  "NegativeIonStoichCoeff": 0,
  "Normal_Boiling_Point": 184.55,
  "OriginalDB": "ChemSep",
  "PC_SAFT_epsilon_k": 0.0,
  "PC_SAFT_m": 0.0,
  "PC_SAFT_sigma": 0.0,
  "PF_MM": null,
  "PF_SG": null,
  "PF_Tv1": null,
  "PF_Tv2": null,
  "PF_v1": null,
  "PF_v2": null,
  "PF_vA": null,
  "PF_vB": null,
  "PF_Watson_K": null,
  "PositiveIon": "",
  "PositiveIonStoichCoeff": 0,
  "PR_Volume_Translation_Coefficient": 0.0,
  "SMILES": "CC",
  "Solid_Density_Const_A": 25.301,
  "Solid_Density_Const_B": -0.012024,
  "Solid_Density_Const_C": 0.0,
  "Solid_Density_Const_D": 0.0,
  "Solid_Density_Const_E": 0.0,
  "Solid_Density_Tmax": 90.35,
  "Solid_Density_Tmin": 23.15,
  "Solid_Heat_Capacity_Const_A": 7021.9,
  "Solid_Heat_Capacity_Const_B": -1326.3,
  "Solid_Heat_Capacity_Const_C": 90.192,
  "Solid_Heat_Capacity_Const_D": -1.4782,
  "Solid_Heat_Capacity_Const_E": 0.0082308,
  "Solid_Heat_Capacity_Tmax": 78.55,
  "Solid_Heat_Capacity_Tmin": 15.53,
  "SolidDensityAtTs": 0.0,
  "SolidDensityEquation": "2",
  "SolidHeatCapacityEquation": "100",
  "SolidTs": 0.0,
  "SRK_Volume_Translation_Coefficient": 0.0,
  "StandardStateMolarVolume": 0.0,
  "StoichSum": 0,
  "Surface_Tension_Const_A": -0.0092564,
  "Surface_Tension_Const_B": 30.13,
  "Surface_Tension_Const_C": -3.5743,
  "Surface_Tension_Const_D": 0.0026003,
  "Surface_Tension_Const_E": -2.1736E-05,
  "Surface_Tension_Tmax": 305.32,
  "Surface_Tension_Tmin": 89.88,
  "SurfaceTensionEquation": "16",
  "TemperatureOfFusion": 90.352,
  "UNIQUAC_Q": 1.696,
  "UNIQUAC_R": 1.8022,
  "Vapor_Pressure_Constant_A": 61.43744,
  "Vapor_Pressure_Constant_B": -2814.319,
  "Vapor_Pressure_Constant_C": -6.778053,
  "Vapor_Pressure_Constant_D": 2.10827E-05,
  "Vapor_Pressure_Constant_E": 2.0,
  "Vapor_Pressure_TMAX": 305.42,
  "Vapor_Pressure_TMIN": 90.35,
  "Vapor_Thermal_Conductivity_Const_A": 7.4549E-05,
  "Vapor_Thermal_Conductivity_Const_B": 1.168,
  "Vapor_Thermal_Conductivity_Const_C": 506.4,
  "Vapor_Thermal_Conductivity_Const_D": -881.74,
  "Vapor_Thermal_Conductivity_Const_E": 0.0,
  "Vapor_Thermal_Conductivity_Tmax": 1000.0,
  "Vapor_Thermal_Conductivity_Tmin": 90.352,
  "Vapor_Viscosity_Const_A": 5.2452E-07,
  "Vapor_Viscosity_Const_B": 0.58906,
  "Vapor_Viscosity_Const_C": 188.8,
  "Vapor_Viscosity_Const_D": -2953.8,
  "Vapor_Viscosity_Const_E": 0.0,
  "Vapor_Viscosity_Tmax": 1000.0,
  "Vapor_Viscosity_Tmin": 90.35,
  "VaporizationEnthalpyEquation": "106",
  "VaporPressureEquation": "101",
  "VaporThermalConductivityEquation": "102",
  "VaporViscosityEquation": "102",
  "Z_Rackett": 0.2793,
  "Elements": {
    "C": 2.0,
    "H": 6.0
  },
  "MODFACGroups": {
    "1": 2
  },
  "NISTMODFACGroups": {
    "1": 2
  },
  "UNIFACGroups": {
    "1": 2
  },
  "FullerDiffusionVolume": 45.66,
  "LennardJonesDiameter": 4.540889E-10,
  "LennardJonesEnergy": 201.2999,
  "Parachor": 0.0197,
  "Tag": "",
  "ExtraProperties": {},
  "COSTALD_SRK_Acentric_Factor": 0.0983,
  "COSTALD_Characteristic_Volume": 0.14575
}