{
  "Acentric_Factor": 0.186,
  "BO_BSW": 0.0,
  "BO_GOR": 0.0,
  "BO_OilVisc1": 0.0,
  "BO_OilVisc2": 0.0,
  "BO_OilViscTemp1": 0.0,
  "BO_OilViscTemp2": 0.0,
  "BO_PNA_A": 0.0,
  "BO_PNA_N": 0.0,
  "BO_PNA_P": 0.0,
  "BO_SGG": 0.0,
  "BO_SGO": 0.0,
  "CAS_Number": "75-28-5",
  "Chao_Seader_Acentricity": 0.1825,
  "Chao_Seader_Liquid_Molar_Volume": 105.5,
  "Chao_Seader_Solubility_Parameter": 0.00328800419366,
  "Charge": 0,
  "ChemicalStructure": "",
  "Comments": "",
  "CompCreatorStudyFile": "",
  "COSMODBName": null,
  "Critical_Compressibility": 0.278,
  "Critical_Pressure": 3640000.0,
  "Critical_Temperature": 407.85,
  "Critical_Volume": 0.2627,
  "CurrentDB": "ChemSep",
  "Dipole_Moment": 4.4E-31,
  "Electrolyte_Cp0": 0.0,
  "Electrolyte_DelGF": 0.0,
  "Electrolyte_DelHF": 0.0,
  "EnthalpyOfFusionAtTf": 4.54,
  "Formula": "CH3CH(CH3)CH3",
  "HVap_A": 34869000.0,
  "HVap_B": 0.64449,
  "HVap_C": -0.15424,
  "HVap_D": -0.28822,
  "HVap_E": 0.20982,
  "HVap_TMAX": 407.8,
  "HVap_TMIN": 113.54,
  "HydrationNumber": 0.0,
  "ID": 4,
  "Ideal_Gas_Heat_Capacity_Const_A": 39746.03,
  "Ideal_Gas_Heat_Capacity_Const_B": -371.573,
  "Ideal_Gas_Heat_Capacity_Const_C": 12.02593,
  "Ideal_Gas_Heat_Capacity_Const_D": 0.000755039,
  "Ideal_Gas_Heat_Capacity_Const_E": -2.59608E-07,
  "IdealgasCpEquation": "16",
  "IG_Enthalpy_of_Formation_25C": -2322.5204827071238,
  "IG_Entropy_of_Formation_25C": -6.5525490459406939,
  "IG_Gibbs_Energy_of_Formation_25C": -368.87798465990619,
  "InChI": "",
  "Ion_CpAq_a": 0.0,
  "Ion_CpAq_b": 0.0,
  "Ion_CpAq_c": 0.0,
  "IsBlackOil": false,
  "IsCOOLPROPSupported": true,
  "IsFPROPSSupported": false,
  "IsHydratedSalt": false,
  "IsHYPO": 0,
  "IsIon": false,
  "IsModified": false,
  "IsPF": 0,
  "IsSalt": false,
  "Liquid_Density_Const_A": 0.89934,
  "Liquid_Density_Const_B": 0.25371,
  "Liquid_Density_Const_C": 407.85,
  "Liquid_Density_Const_D": 0.25125,
  "Liquid_Density_Const_E": 0.0,
  "Liquid_Density_Tmax": 407.84,
  "Liquid_Density_Tmin": 113.54,
  "Liquid_Heat_Capacity_Const_A": 89466.0,
  "Liquid_Heat_Capacity_Const_B": -323.61,
  "Liquid_Heat_Capacity_Const_C": 12.827,
  "Liquid_Heat_Capacity_Const_D": -0.010476,
  "Liquid_Heat_Capacity_Const_E": 2.5037E-05,
  "Liquid_Heat_Capacity_Tmax": 380.0,
  "Liquid_Heat_Capacity_Tmin": 113.54,
  "Liquid_Thermal_Conductivity_Const_A": 0.029586,
  "Liquid_Thermal_Conductivity_Const_B": 56.323,
  "Liquid_Thermal_Conductivity_Const_C": -2.8746,
  "Liquid_Thermal_Conductivity_Const_D": 0.0051627,
  "Liquid_Thermal_Conductivity_Const_E": -1.7826E-05,
  "Liquid_Thermal_Conductivity_Tmax": 400.0,
  "Liquid_Thermal_Conductivity_Tmin": 113.54,
  "Liquid_Viscosity_Const_A": -39.10125,
  "Liquid_Viscosity_Const_B": 1315.145,
  "Liquid_Viscosity_Const_C": 4.876982,
  "Liquid_Viscosity_Const_D": -2.03993E-05,
  "Liquid_Viscosity_Const_E": 2.0,
  "LiquidDensityEquation": "105",
  "LiquidHeatCapacityEquation": "16",
  "LiquidThermalConductivityEquation": "16",
  "LiquidViscosityEquation": "101",
  "Molar_Weight": 58.1222,
  "MolarVolume_k1i": 0.0,
  "MolarVolume_k2i": 0.0,
  "MolarVolume_k3i": 0.0,
  "MolarVolume_v2i": 0.0,
  "MolarVolume_v3i": 0.0,
  "Name": "Isobutane",
  "NBP": null,
  "NegativeIon": "",
  "NegativeIonStoichCoeff": 0,
  "Normal_Boiling_Point": 261.34,
  "OriginalDB": "ChemSep",
  "PC_SAFT_epsilon_k": 0.0,
  "PC_SAFT_m": 0.0,
  "PC_SAFT_sigma": 0.0,
  "PF_MM": null,
  "PF_SG": null,
  "PF_Tv1": null,
  "PF_Tv2": null,
  "PF_v1": null,
  "PF_v2": null,
  "PF_vA": null,
  "PF_vB": null,
  "PF_Watson_K": null,
  "PositiveIon": "",
  "PositiveIonStoichCoeff": 0,
  "PR_Volume_Translation_Coefficient": 0.0,
  "SMILES": "CC(C)C",
  "Solid_Density_Const_A": 15.956,
  "Solid_Density_Const_B": -0.015646,
  "Solid_Density_Const_C": 0.0,
  "Solid_Density_Const_D": 0.0,
  "Solid_Density_Const_E": 0.0,
  "Solid_Density_Tmax": 113.54,
  "Solid_Density_Tmin": 45.42,
  "Solid_Heat_Capacity_Const_A": -58597.0,
  "Solid_Heat_Capacity_Const_B": 5767.7,
  "Solid_Heat_Capacity_Const_C": -111.79,
  "Solid_Heat_Capacity_Const_D": 0.90616,
  "Solid_Heat_Capacity_Const_E": -0.0024065,
  "Solid_Heat_Capacity_Tmax": 107.0,
  "Solid_Heat_Capacity_Tmin": 77.0,
  "SolidDensityAtTs": 0.0,
  "SolidDensityEquation": "2",
  "SolidHeatCapacityEquation": "100",
  "SolidTs": 0.0,
  "SRK_Volume_Translation_Coefficient": 0.0,
  "StandardStateMolarVolume": 0.0,
  "StoichSum": 0,
  "Surface_Tension_Const_A": -0.007942,
  "Surface_Tension_Const_B": 27.727,
  "Surface_Tension_Const_C": -3.375,
  "Surface_Tension_Const_D": 0.0010263,
  "Surface_Tension_Const_E": -1.1845E-05,
  "Surface_Tension_Tmax": 407.8,
  "Surface_Tension_Tmin": 113.54,
  "SurfaceTensionEquation": "16",
  "TemperatureOfFusion": 113.54,
  "UNIQUAC_Q": 2.772,
  "UNIQUAC_R": 3.1502,
  "Vapor_Pressure_Constant_A": 70.58866,
  "Vapor_Pressure_Constant_B": -4298.161,
  "Vapor_Pressure_Constant_C": -7.798635,
  "Vapor_Pressure_Constant_D": 1.16E-05,
  "Vapor_Pressure_Constant_E": 2.0,
  "Vapor_Pressure_TMAX": 408.0,
  "Vapor_Pressure_TMIN": 113.54,
  "Vapor_Thermal_Conductivity_Const_A": 0.091178,
  "Vapor_Thermal_Conductivity_Const_B": 0.18264,
  "Vapor_Thermal_Conductivity_Const_C": 626.56,
  "Vapor_Thermal_Conductivity_Const_D": 1124600.0,
  "Vapor_Thermal_Conductivity_Const_E": 0.0,
  "Vapor_Thermal_Conductivity_Tmax": 1000.0,
  "Vapor_Thermal_Conductivity_Tmin": 113.54,
  "Vapor_Viscosity_Const_A": 3.951E-08,
  "Vapor_Viscosity_Const_B": 0.90975,
  "Vapor_Viscosity_Const_C": -52.076,
  "Vapor_Viscosity_Const_D": 8625.4,
  "Vapor_Viscosity_Const_E": 0.0,
  "Vapor_Viscosity_Tmax": 1000.0,
  "Vapor_Viscosity_Tmin": 150.0,
  "VaporizationEnthalpyEquation": "106",
  "VaporPressureEquation": "101",
  "VaporThermalConductivityEquation": "102",
  "VaporViscosityEquation": "102",
  "Z_Rackett": 0.275,
  "Elements": {
    "C": 4.0,
    "H": 10.0
  },
  "MODFACGroups": {
    "1": 3,
    "3": 1
  },
  "NISTMODFACGroups": {
    "1": 3,
    "3": 1
  },
  "UNIFACGroups": {
    "1": 3,
    "3": 1
  },
  "FullerDiffusionVolume": 86.7,
  "LennardJonesDiameter": 5.553216E-10,
  "LennardJonesEnergy": 265.4452,
  "Parachor": 0.0339,
  "Tag": "",
  "ExtraProperties": {},
  "COSTALD_SRK_Acentric_Factor": 0.1825,
  "COSTALD_Characteristic_Volume": 0.25683
}