{
  "Acentric_Factor": 0.229,
  "BO_BSW": 0.0,
  "BO_GOR": 0.0,
  "BO_OilVisc1": 0.0,
  "BO_OilVisc2": 0.0,
  "BO_OilViscTemp1": 0.0,
  "BO_OilViscTemp2": 0.0,
  "BO_PNA_A": 0.0,
  "BO_PNA_N": 0.0,
  "BO_PNA_P": 0.0,
  "BO_SGG": 0.0,
  "BO_SGO": 0.0,
  "CAS_Number": "78-78-4",
  "Chao_Seader_Acentricity": 0.2104,
  "Chao_Seader_Liquid_Molar_Volume": 117.4,
  "Chao_Seader_Solubility_Parameter": 0.00342968764086,
  "Charge": 0,
  "ChemicalStructure": "",
  "Comments": "",
  "CompCreatorStudyFile": "",
  "COSMODBName": null,
  "Critical_Compressibility": 0.272,
  "Critical_Pressure": 3381000.0,
  "Critical_Temperature": 460.39,
  "Critical_Volume": 0.3083,
  "CurrentDB": "ChemSep",
  "Dipole_Moment": 4.34E-31,
  "Electrolyte_Cp0": 0.0,
  "Electrolyte_DelGF": 0.0,
  "Electrolyte_DelHF": 0.0,
  "EnthalpyOfFusionAtTf": 5.15,
  "Formula": "CH3CH(CH3)CH2CH3",
  "HVap_A": 41424800.0,
  "HVap_B": 0.799342,
  "HVap_C": -0.581969,
  "HVap_D": 0.0834724,
  "HVap_E": 0.117826,
  "HVap_TMAX": 460.4,
  "HVap_TMIN": 113.25,
  "HydrationNumber": 0.0,
  "ID": 8,
  "Ideal_Gas_Heat_Capacity_Const_A": 59843.0,
  "Ideal_Gas_Heat_Capacity_Const_B": -493.27,
  "Ideal_Gas_Heat_Capacity_Const_C": 12.516,
  "Ideal_Gas_Heat_Capacity_Const_D": 0.00046099,
  "Ideal_Gas_Heat_Capacity_Const_E": -1.5305E-07,
  "IdealgasCpEquation": "16",
  "IG_Enthalpy_of_Formation_25C": -2130.3201523296721,
  "IG_Entropy_of_Formation_25C": -6.4919794222873355,
  "IG_Gibbs_Energy_of_Formation_25C": -194.73648757470326,
  "InChI": "",
  "Ion_CpAq_a": 0.0,
  "Ion_CpAq_b": 0.0,
  "Ion_CpAq_c": 0.0,
  "IsBlackOil": false,
  "IsCOOLPROPSupported": true,
  "IsFPROPSSupported": false,
  "IsHydratedSalt": false,
  "IsHYPO": 0,
  "IsIon": false,
  "IsModified": false,
  "IsPF": 0,
  "IsSalt": false,
  "Liquid_Density_Const_A": 0.73194,
  "Liquid_Density_Const_B": 0.24835,
  "Liquid_Density_Const_C": 460.99,
  "Liquid_Density_Const_D": 0.25733,
  "Liquid_Density_Const_E": 0.0,
  "Liquid_Density_Tmax": 460.98,
  "Liquid_Density_Tmin": 113.15,
  "Liquid_Heat_Capacity_Const_A": 112460.0,
  "Liquid_Heat_Capacity_Const_B": -54.259,
  "Liquid_Heat_Capacity_Const_C": 8.8747,
  "Liquid_Heat_Capacity_Const_D": 0.0083911,
  "Liquid_Heat_Capacity_Const_E": -3.4773E-06,
  "Liquid_Heat_Capacity_Tmax": 310.0,
  "Liquid_Heat_Capacity_Tmin": 113.25,
  "Liquid_Thermal_Conductivity_Const_A": 0.061061,
  "Liquid_Thermal_Conductivity_Const_B": 89.857,
  "Liquid_Thermal_Conductivity_Const_C": -3.522,
  "Liquid_Thermal_Conductivity_Const_D": 0.0075154,
  "Liquid_Thermal_Conductivity_Const_E": -2.3032E-05,
  "Liquid_Thermal_Conductivity_Tmax": 368.13,
  "Liquid_Thermal_Conductivity_Tmin": 113.25,
  "Liquid_Viscosity_Const_A": -12.596,
  "Liquid_Viscosity_Const_B": 889.14,
  "Liquid_Viscosity_Const_C": 0.20472,
  "Liquid_Viscosity_Const_D": 4.0592E-09,
  "Liquid_Viscosity_Const_E": 2.0,
  "LiquidDensityEquation": "105",
  "LiquidHeatCapacityEquation": "16",
  "LiquidThermalConductivityEquation": "16",
  "LiquidViscosityEquation": "101",
  "Molar_Weight": 72.14878,
  "MolarVolume_k1i": 0.0,
  "MolarVolume_k2i": 0.0,
  "MolarVolume_k3i": 0.0,
  "MolarVolume_v2i": 0.0,
  "MolarVolume_v3i": 0.0,
  "Name": "Isopentane",
  "NBP": null,
  "NegativeIon": "",
  "NegativeIonStoichCoeff": 0,
  "Normal_Boiling_Point": 300.99,
  "OriginalDB": "ChemSep",
  "PC_SAFT_epsilon_k": 0.0,
  "PC_SAFT_m": 0.0,
  "PC_SAFT_sigma": 0.0,
  "PF_MM": null,
  "PF_SG": null,
  "PF_Tv1": null,
  "PF_Tv2": null,
  "PF_v1": null,
  "PF_v2": null,
  "PF_vA": null,
  "PF_vB": null,
  "PF_Watson_K": null,
  "PositiveIon": "",
  "PositiveIonStoichCoeff": 0,
  "PR_Volume_Translation_Coefficient": 0.0,
  "SMILES": "CC(C)CC",
  "Solid_Density_Const_A": 13.656,
  "Solid_Density_Const_B": -0.013374,
  "Solid_Density_Const_C": 0.0,
  "Solid_Density_Const_D": 0.0,
  "Solid_Density_Const_E": 0.0,
  "Solid_Density_Tmax": 113.25,
  "Solid_Density_Tmin": 45.3,
  "Solid_Heat_Capacity_Const_A": -9226.8,
  "Solid_Heat_Capacity_Const_B": 944.22,
  "Solid_Heat_Capacity_Const_C": 12.156,
  "Solid_Heat_Capacity_Const_D": -0.25376,
  "Solid_Heat_Capacity_Const_E": 0.0012526,
  "Solid_Heat_Capacity_Tmax": 113.36,
  "Solid_Heat_Capacity_Tmin": 13.0,
  "SolidDensityAtTs": 0.0,
  "SolidDensityEquation": "2",
  "SolidHeatCapacityEquation": "100",
  "SolidTs": 0.0,
  "SRK_Volume_Translation_Coefficient": 0.0,
  "StandardStateMolarVolume": 0.0,
  "StoichSum": 0,
  "Surface_Tension_Const_A": -0.014311,
  "Surface_Tension_Const_B": 8.316,
  "Surface_Tension_Const_C": -2.8974,
  "Surface_Tension_Const_D": -0.00090151,
  "Surface_Tension_Const_E": -4.6238E-06,
  "Surface_Tension_Tmax": 442.13,
  "Surface_Tension_Tmin": 113.25,
  "SurfaceTensionEquation": "16",
  "TemperatureOfFusion": 113.25,
  "UNIQUAC_Q": 3.31,
  "UNIQUAC_R": 3.82,
  "Vapor_Pressure_Constant_A": 71.04288,
  "Vapor_Pressure_Constant_B": -4967.235,
  "Vapor_Pressure_Constant_C": -7.674379,
  "Vapor_Pressure_Constant_D": 8.659929E-06,
  "Vapor_Pressure_Constant_E": 2.0,
  "Vapor_Pressure_TMAX": 460.4,
  "Vapor_Pressure_TMIN": 113.25,
  "Vapor_Thermal_Conductivity_Const_A": 0.00090019,
  "Vapor_Thermal_Conductivity_Const_B": 0.7738,
  "Vapor_Thermal_Conductivity_Const_C": 456.82,
  "Vapor_Thermal_Conductivity_Const_D": 231390.0,
  "Vapor_Thermal_Conductivity_Const_E": 0.0,
  "Vapor_Thermal_Conductivity_Tmax": 1000.0,
  "Vapor_Thermal_Conductivity_Tmin": 113.25,
  "Vapor_Viscosity_Const_A": 6.6346E-08,
  "Vapor_Viscosity_Const_B": 0.82828,
  "Vapor_Viscosity_Const_C": -68.082,
  "Vapor_Viscosity_Const_D": 25303.0,
  "Vapor_Viscosity_Const_E": 0.0,
  "Vapor_Viscosity_Tmax": 1000.0,
  "Vapor_Viscosity_Tmin": 150.0,
  "VaporizationEnthalpyEquation": "106",
  "VaporPressureEquation": "101",
  "VaporThermalConductivityEquation": "102",
  "VaporViscosityEquation": "102",
  "Z_Rackett": 0.2716,
  "Elements": {
    "C": 5.0,
    "H": 12.0
  },
  "MODFACGroups": {
    "1": 3,
    "2": 1,
    "3": 1
  },
  "NISTMODFACGroups": {
    "1": 3,
    "2": 1,
    "3": 1
  },
  "UNIFACGroups": {
    "1": 3,
    "2": 1,
    "3": 1
  },
  "FullerDiffusionVolume": 107.22,
  "LennardJonesDiameter": 6.012938E-10,
  "LennardJonesEnergy": 277.0048,
  "Parachor": 0.0408,
  "Tag": "",
  "ExtraProperties": {},
  "COSTALD_SRK_Acentric_Factor": 0.23995,
  "COSTALD_Characteristic_Volume": 0.30959
}