{
  "Acentric_Factor": 0.565,
  "BO_BSW": 0.0,
  "BO_GOR": 0.0,
  "BO_OilVisc1": 0.0,
  "BO_OilVisc2": 0.0,
  "BO_OilViscTemp1": 0.0,
  "BO_OilViscTemp2": 0.0,
  "BO_PNA_A": 0.0,
  "BO_PNA_N": 0.0,
  "BO_PNA_P": 0.0,
  "BO_SGG": 0.0,
  "BO_SGO": 0.0,
  "CAS_Number": "67-56-1",
  "Chao_Seader_Acentricity": 0.5589,
  "Chao_Seader_Liquid_Molar_Volume": 40.7027,
  "Chao_Seader_Solubility_Parameter": 0.0070570394544000005,
  "Charge": 0,
  "ChemicalStructure": "",
  "Comments": "",
  "CompCreatorStudyFile": "",
  "COSMODBName": null,
  "Critical_Compressibility": 0.224,
  "Critical_Pressure": 8097000.0,
  "Critical_Temperature": 512.64,
  "Critical_Volume": 0.118,
  "CurrentDB": "ChemSep",
  "Dipole_Moment": 5.67E-30,
  "Electrolyte_Cp0": 0.0,
  "Electrolyte_DelGF": 0.0,
  "Electrolyte_DelHF": 0.0,
  "EnthalpyOfFusionAtTf": 3.215,
  "Formula": "CH3OH",
  "HVap_A": 58058000.0,
  "HVap_B": 0.87168,
  "HVap_C": -0.81501,
  "HVap_D": 0.1695,
  "HVap_E": 0.17846,
  "HVap_TMAX": 513.15,
  "HVap_TMIN": 175.47,
  "HydrationNumber": 0.0,
  "ID": 1101,
  "Ideal_Gas_Heat_Capacity_Const_A": 36313.16,
  "Ideal_Gas_Heat_Capacity_Const_B": -680.4577,
  "Ideal_Gas_Heat_Capacity_Const_C": 11.10203,
  "Ideal_Gas_Heat_Capacity_Const_D": 0.000756766,
  "Ideal_Gas_Heat_Capacity_Const_E": -2.902645E-07,
  "IdealgasCpEquation": "16",
  "IG_Enthalpy_of_Formation_25C": -6271.1715237504941,
  "IG_Entropy_of_Formation_25C": -4.0425903710759021,
  "IG_Gibbs_Energy_of_Formation_25C": -5065.873204614214,
  "InChI": "",
  "Ion_CpAq_a": 0.0,
  "Ion_CpAq_b": 0.0,
  "Ion_CpAq_c": 0.0,
  "IsBlackOil": false,
  "IsCOOLPROPSupported": true,
  "IsFPROPSSupported": false,
  "IsHydratedSalt": false,
  "IsHYPO": 0,
  "IsIon": false,
  "IsModified": false,
  "IsPF": 0,
  "IsSalt": false,
  "Liquid_Density_Const_A": 1.7918,
  "Liquid_Density_Const_B": 0.23929,
  "Liquid_Density_Const_C": 512.64,
  "Liquid_Density_Const_D": 0.21078,
  "Liquid_Density_Const_E": 0.0,
  "Liquid_Density_Tmax": 503.1,
  "Liquid_Density_Tmin": 175.47,
  "Liquid_Heat_Capacity_Const_A": 62799.0,
  "Liquid_Heat_Capacity_Const_B": 1254.2,
  "Liquid_Heat_Capacity_Const_C": -5.9906,
  "Liquid_Heat_Capacity_Const_D": 0.052937,
  "Liquid_Heat_Capacity_Const_E": -4.711E-05,
  "Liquid_Heat_Capacity_Tmax": 400.0,
  "Liquid_Heat_Capacity_Tmin": 175.47,
  "Liquid_Thermal_Conductivity_Const_A": -0.056817,
  "Liquid_Thermal_Conductivity_Const_B": 13.156,
  "Liquid_Thermal_Conductivity_Const_C": -1.2214,
  "Liquid_Thermal_Conductivity_Const_D": -0.00028282,
  "Liquid_Thermal_Conductivity_Const_E": -1.0129E-06,
  "Liquid_Thermal_Conductivity_Tmax": 512.0,
  "Liquid_Thermal_Conductivity_Tmin": 150.0,
  "Liquid_Viscosity_Const_A": -32.996,
  "Liquid_Viscosity_Const_B": 1981.4,
  "Liquid_Viscosity_Const_C": 3.3666,
  "Liquid_Viscosity_Const_D": -3.9246E-06,
  "Liquid_Viscosity_Const_E": 2.0,
  "LiquidDensityEquation": "105",
  "LiquidHeatCapacityEquation": "16",
  "LiquidThermalConductivityEquation": "16",
  "LiquidViscosityEquation": "101",
  "Molar_Weight": 32.04186,
  "MolarVolume_k1i": 0.0,
  "MolarVolume_k2i": 0.0,
  "MolarVolume_k3i": 0.0,
  "MolarVolume_v2i": 0.0,
  "MolarVolume_v3i": 0.0,
  "Name": "Methanol",
  "NBP": null,
  "NegativeIon": "",
  "NegativeIonStoichCoeff": 0,
  "Normal_Boiling_Point": 337.69,
  "OriginalDB": "ChemSep",
  "PC_SAFT_epsilon_k": 0.0,
  "PC_SAFT_m": 0.0,
  "PC_SAFT_sigma": 0.0,
  "PF_MM": null,
  "PF_SG": null,
  "PF_Tv1": null,
  "PF_Tv2": null,
  "PF_v1": null,
  "PF_v2": null,
  "PF_vA": null,
  "PF_vB": null,
  "PF_Watson_K": null,
  "PositiveIon": "",
  "PositiveIonStoichCoeff": 0,
  "PR_Volume_Translation_Coefficient": 0.0,
  "SMILES": "CO",
  "Solid_Density_Const_A": 30.585,
  "Solid_Density_Const_B": -2.2061E-08,
  "Solid_Density_Const_C": 0.0,
  "Solid_Density_Const_D": 0.0,
  "Solid_Density_Const_E": 0.0,
  "Solid_Density_Tmax": 172.65,
  "Solid_Density_Tmin": 163.15,
  "Solid_Heat_Capacity_Const_A": -12206.0,
  "Solid_Heat_Capacity_Const_B": 921.15,
  "Solid_Heat_Capacity_Const_C": -4.3764,
  "Solid_Heat_Capacity_Const_D": 0.0056638,
  "Solid_Heat_Capacity_Const_E": 2.1471E-05,
  "Solid_Heat_Capacity_Tmax": 157.35,
  "Solid_Heat_Capacity_Tmin": 25.0,
  "SolidDensityAtTs": 0.0,
  "SolidDensityEquation": "2",
  "SolidHeatCapacityEquation": "100",
  "SolidTs": 0.0,
  "SRK_Volume_Translation_Coefficient": 0.0,
  "StandardStateMolarVolume": 0.0,
  "StoichSum": 0,
  "Surface_Tension_Const_A": -0.094523,
  "Surface_Tension_Const_B": 33.559,
  "Surface_Tension_Const_C": -2.3648,
  "Surface_Tension_Const_D": 0.001011,
  "Surface_Tension_Const_E": -2.2169E-06,
  "Surface_Tension_Tmax": 503.15,
  "Surface_Tension_Tmin": 273.1,
  "SurfaceTensionEquation": "16",
  "TemperatureOfFusion": 175.47,
  "UNIQUAC_Q": 1.43,
  "UNIQUAC_R": 1.43,
  "Vapor_Pressure_Constant_A": 73.40342,
  "Vapor_Pressure_Constant_B": -6548.076,
  "Vapor_Pressure_Constant_C": -7.409987,
  "Vapor_Pressure_Constant_D": 5.72492E-06,
  "Vapor_Pressure_Constant_E": 2.0,
  "Vapor_Pressure_TMAX": 512.64,
  "Vapor_Pressure_TMIN": 175.47,
  "Vapor_Thermal_Conductivity_Const_A": 7.8368E-07,
  "Vapor_Thermal_Conductivity_Const_B": 1.7569,
  "Vapor_Thermal_Conductivity_Const_C": 108.12,
  "Vapor_Thermal_Conductivity_Const_D": -21101.0,
  "Vapor_Thermal_Conductivity_Const_E": 0.0,
  "Vapor_Thermal_Conductivity_Tmax": 684.37,
  "Vapor_Thermal_Conductivity_Tmin": 175.47,
  "Vapor_Viscosity_Const_A": 3.0654E-07,
  "Vapor_Viscosity_Const_B": 0.69658,
  "Vapor_Viscosity_Const_C": 204.87,
  "Vapor_Viscosity_Const_D": 24.304,
  "Vapor_Viscosity_Const_E": 0.0,
  "Vapor_Viscosity_Tmax": 1000.0,
  "Vapor_Viscosity_Tmin": 240.0,
  "VaporizationEnthalpyEquation": "106",
  "VaporPressureEquation": "101",
  "VaporThermalConductivityEquation": "102",
  "VaporViscosityEquation": "102",
  "Z_Rackett": 0.0,
  "Elements": {
    "C": 1.0,
    "H": 4.0,
    "O": 1.0
  },
  "MODFACGroups": {
    "15": 1
  },
  "NISTMODFACGroups": {
    "15": 1
  },
  "UNIFACGroups": {
    "16": 1
  },
  "FullerDiffusionVolume": 31.25,
  "LennardJonesDiameter": 3.69E-10,
  "LennardJonesEnergy": 417.0,
  "Parachor": 0.0185,
  "Tag": "",
  "ExtraProperties": {},
  "COSTALD_SRK_Acentric_Factor": 0.5536,
  "COSTALD_Characteristic_Volume": 0.1198
}