{
  "Acentric_Factor": 0.037,
  "BO_BSW": 0.0,
  "BO_GOR": 0.0,
  "BO_OilVisc1": 0.0,
  "BO_OilVisc2": 0.0,
  "BO_OilViscTemp1": 0.0,
  "BO_OilViscTemp2": 0.0,
  "BO_PNA_A": 0.0,
  "BO_PNA_N": 0.0,
  "BO_PNA_P": 0.0,
  "BO_SGG": 0.0,
  "BO_SGO": 0.0,
  "CAS_Number": "7727-37-9",
  "Chao_Seader_Acentricity": 0.045,
  "Chao_Seader_Liquid_Molar_Volume": 34.6723,
  "Chao_Seader_Solubility_Parameter": 0.0021691850412400003,
  "Charge": 0,
  "ChemicalStructure": "",
  "Comments": "",
  "CompCreatorStudyFile": "",
  "COSMODBName": null,
  "Critical_Compressibility": 0.289,
  "Critical_Pressure": 3398000.0,
  "Critical_Temperature": 126.2,
  "Critical_Volume": 0.0901,
  "CurrentDB": "ChemSep",
  "Dipole_Moment": 0.0,
  "Electrolyte_Cp0": 0.0,
  "Electrolyte_DelGF": 0.0,
  "Electrolyte_DelHF": 0.0,
  "EnthalpyOfFusionAtTf": 0.72,
  "Formula": "N2",
  "HVap_A": 27284000.0,
  "HVap_B": 7.8021,
  "HVap_C": -19.125,
  "HVap_D": 19.518,
  "HVap_E": -7.5428,
  "HVap_TMAX": 126.26,
  "HVap_TMIN": 63.15,
  "HydrationNumber": 0.0,
  "ID": 905,
  "Ideal_Gas_Heat_Capacity_Const_A": 29103.63,
  "Ideal_Gas_Heat_Capacity_Const_B": -2305.946,
  "Ideal_Gas_Heat_Capacity_Const_C": 11.31935,
  "Ideal_Gas_Heat_Capacity_Const_D": -0.00100557,
  "Ideal_Gas_Heat_Capacity_Const_E": 1.706099E-07,
  "IdealgasCpEquation": "16",
  "IG_Enthalpy_of_Formation_25C": 0.0,
  "IG_Entropy_of_Formation_25C": 0.0,
  "IG_Gibbs_Energy_of_Formation_25C": 0.0,
  "InChI": "",
  "Ion_CpAq_a": 0.0,
  "Ion_CpAq_b": 0.0,
  "Ion_CpAq_c": 0.0,
  "IsBlackOil": false,
  "IsCOOLPROPSupported": true,
  "IsFPROPSSupported": false,
  "IsHydratedSalt": false,
  "IsHYPO": 0,
  "IsIon": false,
  "IsModified": false,
  "IsPF": 0,
  "IsSalt": false,
  "Liquid_Density_Const_A": 2.435,
  "Liquid_Density_Const_B": 0.25137,
  "Liquid_Density_Const_C": 126.27,
  "Liquid_Density_Const_D": 0.249,
  "Liquid_Density_Const_E": 0.0,
  "Liquid_Density_Tmax": 126.26,
  "Liquid_Density_Tmin": 63.15,
  "Liquid_Heat_Capacity_Const_A": 55135.0,
  "Liquid_Heat_Capacity_Const_B": 217.45,
  "Liquid_Heat_Capacity_Const_C": -0.9071,
  "Liquid_Heat_Capacity_Const_D": 0.05327,
  "Liquid_Heat_Capacity_Const_E": 0.00024166,
  "Liquid_Heat_Capacity_Tmax": 115.0,
  "Liquid_Heat_Capacity_Tmin": 63.15,
  "Liquid_Thermal_Conductivity_Const_A": -0.21743,
  "Liquid_Thermal_Conductivity_Const_B": 10.383,
  "Liquid_Thermal_Conductivity_Const_C": -1.0631,
  "Liquid_Thermal_Conductivity_Const_D": 0.00036245,
  "Liquid_Thermal_Conductivity_Const_E": -2.3265E-05,
  "Liquid_Thermal_Conductivity_Tmax": 124.0,
  "Liquid_Thermal_Conductivity_Tmin": 60.0,
  "Liquid_Viscosity_Const_A": 3.4358,
  "Liquid_Viscosity_Const_B": -24.706,
  "Liquid_Viscosity_Const_C": -2.6748,
  "Liquid_Viscosity_Const_D": -4.1603E-05,
  "Liquid_Viscosity_Const_E": 2.0,
  "LiquidDensityEquation": "105",
  "LiquidHeatCapacityEquation": "16",
  "LiquidThermalConductivityEquation": "16",
  "LiquidViscosityEquation": "101",
  "Molar_Weight": 28.0134,
  "MolarVolume_k1i": 0.0,
  "MolarVolume_k2i": 0.0,
  "MolarVolume_k3i": 0.0,
  "MolarVolume_v2i": 0.0,
  "MolarVolume_v3i": 0.0,
  "Name": "Nitrogen",
  "NBP": null,
  "NegativeIon": "",
  "NegativeIonStoichCoeff": 0,
  "Normal_Boiling_Point": 77.35,
  "OriginalDB": "ChemSep",
  "PC_SAFT_epsilon_k": 0.0,
  "PC_SAFT_m": 0.0,
  "PC_SAFT_sigma": 0.0,
  "PF_MM": null,
  "PF_SG": null,
  "PF_Tv1": null,
  "PF_Tv2": null,
  "PF_v1": null,
  "PF_v2": null,
  "PF_vA": null,
  "PF_vB": null,
  "PF_Watson_K": null,
  "PositiveIon": "",
  "PositiveIonStoichCoeff": 0,
  "PR_Volume_Translation_Coefficient": 0.0,
  "SMILES": "N#N",
  "Solid_Density_Const_A": 37.87,
  "Solid_Density_Const_B": -0.06027,
  "Solid_Density_Const_C": 0.0,
  "Solid_Density_Const_D": 0.0,
  "Solid_Density_Const_E": 0.0,
  "Solid_Density_Tmax": 63.15,
  "Solid_Density_Tmin": 20.65,
  "Solid_Heat_Capacity_Const_A": 383890.0,
  "Solid_Heat_Capacity_Const_B": -28798.0,
  "Solid_Heat_Capacity_Const_C": 875.74,
  "Solid_Heat_Capacity_Const_D": -11.589,
  "Solid_Heat_Capacity_Const_E": 0.057106,
  "Solid_Heat_Capacity_Tmax": 63.0,
  "Solid_Heat_Capacity_Tmin": 32.8,
  "SolidDensityAtTs": 0.0,
  "SolidDensityEquation": "2",
  "SolidHeatCapacityEquation": "100",
  "SolidTs": 0.0,
  "SRK_Volume_Translation_Coefficient": 0.0,
  "StandardStateMolarVolume": 0.0,
  "StoichSum": 0,
  "Surface_Tension_Const_A": -0.0025409,
  "Surface_Tension_Const_B": 96.836,
  "Surface_Tension_Const_C": -7.6473,
  "Surface_Tension_Const_D": 0.05313,
  "Surface_Tension_Const_E": -0.00036553,
  "Surface_Tension_Tmax": 126.2,
  "Surface_Tension_Tmin": 63.15,
  "SurfaceTensionEquation": "16",
  "TemperatureOfFusion": 63.149,
  "UNIQUAC_Q": 1.088,
  "UNIQUAC_R": 1.0415,
  "Vapor_Pressure_Constant_A": 42.32946,
  "Vapor_Pressure_Constant_B": -965.9771,
  "Vapor_Pressure_Constant_C": -4.321774,
  "Vapor_Pressure_Constant_D": 7.97271E-05,
  "Vapor_Pressure_Constant_E": 2.0,
  "Vapor_Pressure_TMAX": 126.26,
  "Vapor_Pressure_TMIN": 60.81,
  "Vapor_Thermal_Conductivity_Const_A": 0.0003395,
  "Vapor_Thermal_Conductivity_Const_B": 0.76921,
  "Vapor_Thermal_Conductivity_Const_C": 19.592,
  "Vapor_Thermal_Conductivity_Const_D": 293.93,
  "Vapor_Thermal_Conductivity_Const_E": 0.0,
  "Vapor_Thermal_Conductivity_Tmax": 2000.0,
  "Vapor_Thermal_Conductivity_Tmin": 50.0,
  "Vapor_Viscosity_Const_A": 4.6051E-07,
  "Vapor_Viscosity_Const_B": 0.65049,
  "Vapor_Viscosity_Const_C": 5.8019,
  "Vapor_Viscosity_Const_D": 2822.7,
  "Vapor_Viscosity_Const_E": 0.0,
  "Vapor_Viscosity_Tmax": 1970.0,
  "Vapor_Viscosity_Tmin": 63.15,
  "VaporizationEnthalpyEquation": "106",
  "VaporPressureEquation": "101",
  "VaporThermalConductivityEquation": "102",
  "VaporViscosityEquation": "102",
  "Z_Rackett": 0.2906,
  "Elements": {
    "N": 2.0
  },
  "MODFACGroups": {},
  "NISTMODFACGroups": {},
  "UNIFACGroups": {},
  "FullerDiffusionVolume": 18.5,
  "LennardJonesDiameter": 3.710301E-10,
  "LennardJonesEnergy": 94.45061,
  "Parachor": 0.0107,
  "Tag": "",
  "ExtraProperties": {},
  "COSTALD_SRK_Acentric_Factor": 0.0357998,
  "COSTALD_Characteristic_Volume": 0.0901499
}