{
  "Acentric_Factor": 0.251,
  "BO_BSW": 0.0,
  "BO_GOR": 0.0,
  "BO_OilVisc1": 0.0,
  "BO_OilVisc2": 0.0,
  "BO_OilViscTemp1": 0.0,
  "BO_OilViscTemp2": 0.0,
  "BO_PNA_A": 0.0,
  "BO_PNA_N": 0.0,
  "BO_PNA_P": 0.0,
  "BO_SGG": 0.0,
  "BO_SGO": 0.0,
  "CAS_Number": "109-66-0",
  "Chao_Seader_Acentricity": 0.2387,
  "Chao_Seader_Liquid_Molar_Volume": 116.1,
  "Chao_Seader_Solubility_Parameter": 0.00342968764086,
  "Charge": 0,
  "ChemicalStructure": "",
  "Comments": "",
  "CompCreatorStudyFile": "",
  "COSMODBName": null,
  "Critical_Compressibility": 0.268,
  "Critical_Pressure": 3370000.0,
  "Critical_Temperature": 469.7,
  "Critical_Volume": 0.311,
  "CurrentDB": "ChemSep",
  "Dipole_Moment": 0.0,
  "Electrolyte_Cp0": 0.0,
  "Electrolyte_DelGF": 0.0,
  "Electrolyte_DelHF": 0.0,
  "EnthalpyOfFusionAtTf": 8.4015,
  "Formula": "CH3(CH2)3CH3",
  "HVap_A": 40854000.0,
  "HVap_B": 0.25483,
  "HVap_C": 0.96045,
  "HVap_D": -1.5349,
  "HVap_E": 0.72504,
  "HVap_TMAX": 469.5,
  "HVap_TMIN": 143.42,
  "HydrationNumber": 0.0,
  "ID": 7,
  "Ideal_Gas_Heat_Capacity_Const_A": 81062.0,
  "Ideal_Gas_Heat_Capacity_Const_B": -706.86,
  "Ideal_Gas_Heat_Capacity_Const_C": 12.962,
  "Ideal_Gas_Heat_Capacity_Const_D": -4.9298E-05,
  "Ideal_Gas_Heat_Capacity_Const_E": 2.8357E-09,
  "IdealgasCpEquation": "16",
  "IG_Enthalpy_of_Formation_25C": -2034.1300296415268,
  "IG_Entropy_of_Formation_25C": -6.4128112092106768,
  "IG_Gibbs_Energy_of_Formation_25C": -122.15036761536369,
  "InChI": "",
  "Ion_CpAq_a": 0.0,
  "Ion_CpAq_b": 0.0,
  "Ion_CpAq_c": 0.0,
  "IsBlackOil": false,
  "IsCOOLPROPSupported": true,
  "IsFPROPSSupported": false,
  "IsHydratedSalt": false,
  "IsHYPO": 0,
  "IsIon": false,
  "IsModified": false,
  "IsPF": 0,
  "IsSalt": false,
  "Liquid_Density_Const_A": 0.77386,
  "Liquid_Density_Const_B": 0.25574,
  "Liquid_Density_Const_C": 469.7,
  "Liquid_Density_Const_D": 0.26319,
  "Liquid_Density_Const_E": 0.0,
  "Liquid_Density_Tmax": 469.65,
  "Liquid_Density_Tmin": 143.42,
  "Liquid_Heat_Capacity_Const_A": 122980.0,
  "Liquid_Heat_Capacity_Const_B": 401.5,
  "Liquid_Heat_Capacity_Const_C": 3.9651,
  "Liquid_Heat_Capacity_Const_D": 0.024056,
  "Liquid_Heat_Capacity_Const_E": -2.0161E-05,
  "Liquid_Heat_Capacity_Tmax": 390.0,
  "Liquid_Heat_Capacity_Tmin": 143.42,
  "Liquid_Thermal_Conductivity_Const_A": 0.023649,
  "Liquid_Thermal_Conductivity_Const_B": -75.089,
  "Liquid_Thermal_Conductivity_Const_C": -0.64229,
  "Liquid_Thermal_Conductivity_Const_D": -0.005078,
  "Liquid_Thermal_Conductivity_Const_E": -2.7196E-07,
  "Liquid_Thermal_Conductivity_Tmax": 445.0,
  "Liquid_Thermal_Conductivity_Tmin": 143.42,
  "Liquid_Viscosity_Const_A": -28.93847,
  "Liquid_Viscosity_Const_B": 1176.355,
  "Liquid_Viscosity_Const_C": 3.050544,
  "Liquid_Viscosity_Const_D": -9.721368E-06,
  "Liquid_Viscosity_Const_E": 2.0,
  "LiquidDensityEquation": "105",
  "LiquidHeatCapacityEquation": "16",
  "LiquidThermalConductivityEquation": "16",
  "LiquidViscosityEquation": "101",
  "Molar_Weight": 72.14878,
  "MolarVolume_k1i": 0.0,
  "MolarVolume_k2i": 0.0,
  "MolarVolume_k3i": 0.0,
  "MolarVolume_v2i": 0.0,
  "MolarVolume_v3i": 0.0,
  "Name": "N-pentane",
  "NBP": null,
  "NegativeIon": "",
  "NegativeIonStoichCoeff": 0,
  "Normal_Boiling_Point": 309.22,
  "OriginalDB": "ChemSep",
  "PC_SAFT_epsilon_k": 0.0,
  "PC_SAFT_m": 0.0,
  "PC_SAFT_sigma": 0.0,
  "PF_MM": null,
  "PF_SG": null,
  "PF_Tv1": null,
  "PF_Tv2": null,
  "PF_v1": null,
  "PF_v2": null,
  "PF_vA": null,
  "PF_vB": null,
  "PF_Watson_K": null,
  "PositiveIon": "",
  "PositiveIonStoichCoeff": 0,
  "PR_Volume_Translation_Coefficient": 0.0,
  "SMILES": "CCCCC",
  "Solid_Density_Const_A": 13.533,
  "Solid_Density_Const_B": -0.006061,
  "Solid_Density_Const_C": 0.0,
  "Solid_Density_Const_D": 0.0,
  "Solid_Density_Const_E": 0.0,
  "Solid_Density_Tmax": 143.46,
  "Solid_Density_Tmin": 23.15,
  "Solid_Heat_Capacity_Const_A": -10054.0,
  "Solid_Heat_Capacity_Const_B": 1010.4,
  "Solid_Heat_Capacity_Const_C": 4.2663,
  "Solid_Heat_Capacity_Const_D": -0.10165,
  "Solid_Heat_Capacity_Const_E": 0.00042186,
  "Solid_Heat_Capacity_Tmax": 134.6,
  "Solid_Heat_Capacity_Tmin": 12.29,
  "SolidDensityAtTs": 0.0,
  "SolidDensityEquation": "2",
  "SolidHeatCapacityEquation": "100",
  "SolidTs": 0.0,
  "SRK_Volume_Translation_Coefficient": 0.0,
  "StandardStateMolarVolume": 0.0,
  "StoichSum": 0,
  "Surface_Tension_Const_A": -0.013012,
  "Surface_Tension_Const_B": 17.72,
  "Surface_Tension_Const_C": -3.0334,
  "Surface_Tension_Const_D": -0.00028732,
  "Surface_Tension_Const_E": -5.6151E-06,
  "Surface_Tension_Tmax": 452.53,
  "Surface_Tension_Tmin": 143.42,
  "SurfaceTensionEquation": "16",
  "TemperatureOfFusion": 143.42,
  "UNIQUAC_Q": 3.316,
  "UNIQUAC_R": 3.8254,
  "Vapor_Pressure_Constant_A": 72.14242,
  "Vapor_Pressure_Constant_B": -5265.589,
  "Vapor_Pressure_Constant_C": -7.720709,
  "Vapor_Pressure_Constant_D": 7.151866E-06,
  "Vapor_Pressure_Constant_E": 2.0,
  "Vapor_Pressure_TMAX": 469.7,
  "Vapor_Pressure_TMIN": 143.42,
  "Vapor_Thermal_Conductivity_Const_A": -603.2,
  "Vapor_Thermal_Conductivity_Const_B": 0.74698,
  "Vapor_Thermal_Conductivity_Const_C": -818230000.0,
  "Vapor_Thermal_Conductivity_Const_D": -8786500000.0,
  "Vapor_Thermal_Conductivity_Const_E": 0.0,
  "Vapor_Thermal_Conductivity_Tmax": 1000.0,
  "Vapor_Thermal_Conductivity_Tmin": 143.42,
  "Vapor_Viscosity_Const_A": 5.9173E-08,
  "Vapor_Viscosity_Const_B": 0.85109,
  "Vapor_Viscosity_Const_C": 8.4138,
  "Vapor_Viscosity_Const_D": 3723.2,
  "Vapor_Viscosity_Const_E": 0.0,
  "Vapor_Viscosity_Tmax": 1000.0,
  "Vapor_Viscosity_Tmin": 143.42,
  "VaporizationEnthalpyEquation": "106",
  "VaporPressureEquation": "101",
  "VaporThermalConductivityEquation": "102",
  "VaporViscosityEquation": "102",
  "Z_Rackett": 0.2685,
  "Elements": {
    "C": 5.0,
    "H": 12.0
  },
  "MODFACGroups": {
    "1": 2,
    "2": 3
  },
  "NISTMODFACGroups": {
    "1": 2,
    "2": 3
  },
  "UNIFACGroups": {
    "1": 2,
    "2": 3
  },
  "FullerDiffusionVolume": 107.22,
  "LennardJonesDiameter": 6.13861E-10,
  "LennardJonesEnergy": 267.9286,
  "Parachor": 0.041,
  "Tag": "",
  "ExtraProperties": {},
  "COSTALD_SRK_Acentric_Factor": 0.2522,
  "COSTALD_Characteristic_Volume": 0.31132
}