{
  "Acentric_Factor": 0.152,
  "BO_BSW": 0.0,
  "BO_GOR": 0.0,
  "BO_OilVisc1": 0.0,
  "BO_OilVisc2": 0.0,
  "BO_OilViscTemp1": 0.0,
  "BO_OilViscTemp2": 0.0,
  "BO_PNA_A": 0.0,
  "BO_PNA_N": 0.0,
  "BO_PNA_P": 0.0,
  "BO_SGG": 0.0,
  "BO_SGO": 0.0,
  "CAS_Number": "74-98-6",
  "Chao_Seader_Acentricity": 0.1538,
  "Chao_Seader_Liquid_Molar_Volume": 84.0,
  "Chao_Seader_Solubility_Parameter": 0.0031267807552,
  "Charge": 0,
  "ChemicalStructure": "",
  "Comments": "",
  "CompCreatorStudyFile": "",
  "COSMODBName": null,
  "Critical_Compressibility": 0.276,
  "Critical_Pressure": 4248000.0,
  "Critical_Temperature": 369.83,
  "Critical_Volume": 0.2,
  "CurrentDB": "ChemSep",
  "Dipole_Moment": 0.0,
  "Electrolyte_Cp0": 0.0,
  "Electrolyte_DelGF": 0.0,
  "Electrolyte_DelHF": 0.0,
  "EnthalpyOfFusionAtTf": 3.524,
  "Formula": "CH3CH2CH3",
  "HVap_A": 30459000.0,
  "HVap_B": 1.2001,
  "HVap_C": -2.1107,
  "HVap_D": 1.9732,
  "HVap_E": -0.65316,
  "HVap_TMAX": 369.85,
  "HVap_TMIN": 85.44,
  "HydrationNumber": 0.0,
  "ID": 3,
  "Ideal_Gas_Heat_Capacity_Const_A": 37840.4,
  "Ideal_Gas_Heat_Capacity_Const_B": -445.5789,
  "Ideal_Gas_Heat_Capacity_Const_C": 11.83871,
  "Ideal_Gas_Heat_Capacity_Const_D": 0.000653764,
  "Ideal_Gas_Heat_Capacity_Const_E": -2.200137E-07,
  "IdealgasCpEquation": "16",
  "IG_Enthalpy_of_Formation_25C": -2373.9319233973806,
  "IG_Entropy_of_Formation_25C": -6.1070459955092993,
  "IG_Gibbs_Energy_of_Formation_25C": -553.11615983628315,
  "InChI": "",
  "Ion_CpAq_a": 0.0,
  "Ion_CpAq_b": 0.0,
  "Ion_CpAq_c": 0.0,
  "IsBlackOil": false,
  "IsCOOLPROPSupported": true,
  "IsFPROPSSupported": false,
  "IsHydratedSalt": false,
  "IsHYPO": 0,
  "IsIon": false,
  "IsModified": false,
  "IsPF": 0,
  "IsSalt": false,
  "Liquid_Density_Const_A": 1.3186,
  "Liquid_Density_Const_B": 0.27005,
  "Liquid_Density_Const_C": 369.86,
  "Liquid_Density_Const_D": 0.27852,
  "Liquid_Density_Const_E": 0.0,
  "Liquid_Density_Tmax": 369.85,
  "Liquid_Density_Tmin": 85.47,
  "Liquid_Heat_Capacity_Const_A": 87486.0,
  "Liquid_Heat_Capacity_Const_B": -13371.0,
  "Liquid_Heat_Capacity_Const_C": 156.92,
  "Liquid_Heat_Capacity_Const_D": -0.5459,
  "Liquid_Heat_Capacity_Const_E": 0.00068504,
  "Liquid_Heat_Capacity_Tmax": 360.0,
  "Liquid_Heat_Capacity_Tmin": 85.47,
  "Liquid_Thermal_Conductivity_Const_A": 0.02937,
  "Liquid_Thermal_Conductivity_Const_B": -16.323,
  "Liquid_Thermal_Conductivity_Const_C": -1.3313,
  "Liquid_Thermal_Conductivity_Const_D": -0.0012596,
  "Liquid_Thermal_Conductivity_Const_E": -1.1206E-05,
  "Liquid_Thermal_Conductivity_Tmax": 350.0,
  "Liquid_Thermal_Conductivity_Tmin": 85.47,
  "Liquid_Viscosity_Const_A": -35.23159,
  "Liquid_Viscosity_Const_B": 966.1472,
  "Liquid_Viscosity_Const_C": 4.395026,
  "Liquid_Viscosity_Const_D": -2.55079E-05,
  "Liquid_Viscosity_Const_E": 2.0,
  "LiquidDensityEquation": "105",
  "LiquidHeatCapacityEquation": "16",
  "LiquidThermalConductivityEquation": "16",
  "LiquidViscosityEquation": "101",
  "Molar_Weight": 44.09562,
  "MolarVolume_k1i": 0.0,
  "MolarVolume_k2i": 0.0,
  "MolarVolume_k3i": 0.0,
  "MolarVolume_v2i": 0.0,
  "MolarVolume_v3i": 0.0,
  "Name": "Propane",
  "NBP": null,
  "NegativeIon": "",
  "NegativeIonStoichCoeff": 0,
  "Normal_Boiling_Point": 231.02,
  "OriginalDB": "ChemSep",
  "PC_SAFT_epsilon_k": 0.0,
  "PC_SAFT_m": 0.0,
  "PC_SAFT_sigma": 0.0,
  "PF_MM": null,
  "PF_SG": null,
  "PF_Tv1": null,
  "PF_Tv2": null,
  "PF_v1": null,
  "PF_v2": null,
  "PF_vA": null,
  "PF_vB": null,
  "PF_Watson_K": null,
  "PositiveIon": "",
  "PositiveIonStoichCoeff": 0,
  "PR_Volume_Translation_Coefficient": 0.0,
  "SMILES": "CCC",
  "Solid_Density_Const_A": 18.861,
  "Solid_Density_Const_B": -0.020332,
  "Solid_Density_Const_C": 0.0,
  "Solid_Density_Const_D": 0.0,
  "Solid_Density_Const_E": 0.0,
  "Solid_Density_Tmax": 85.48,
  "Solid_Density_Tmin": 23.15,
  "Solid_Heat_Capacity_Const_A": -9928.1,
  "Solid_Heat_Capacity_Const_B": 957.89,
  "Solid_Heat_Capacity_Const_C": -0.77533,
  "Solid_Heat_Capacity_Const_D": -0.03376,
  "Solid_Heat_Capacity_Const_E": 0.00014632,
  "Solid_Heat_Capacity_Tmax": 84.0,
  "Solid_Heat_Capacity_Tmin": 30.0,
  "SolidDensityAtTs": 0.0,
  "SolidDensityEquation": "2",
  "SolidHeatCapacityEquation": "100",
  "SolidTs": 0.0,
  "SRK_Volume_Translation_Coefficient": 0.0,
  "StandardStateMolarVolume": 0.0,
  "StoichSum": 0,
  "Surface_Tension_Const_A": -0.0093557,
  "Surface_Tension_Const_B": 17.245,
  "Surface_Tension_Const_C": -3.1909,
  "Surface_Tension_Const_D": 0.00024043,
  "Surface_Tension_Const_E": -1.1944E-05,
  "Surface_Tension_Tmax": 369.98,
  "Surface_Tension_Tmin": 85.44,
  "SurfaceTensionEquation": "16",
  "TemperatureOfFusion": 85.47,
  "UNIQUAC_Q": 2.236,
  "UNIQUAC_R": 2.4766,
  "Vapor_Pressure_Constant_A": 55.2725,
  "Vapor_Pressure_Constant_B": -3396.946,
  "Vapor_Pressure_Constant_C": -5.423393,
  "Vapor_Pressure_Constant_D": 8.953731E-06,
  "Vapor_Pressure_Constant_E": 2.0,
  "Vapor_Pressure_TMAX": 371.25,
  "Vapor_Pressure_TMIN": 85.47,
  "Vapor_Thermal_Conductivity_Const_A": -1.139,
  "Vapor_Thermal_Conductivity_Const_B": 0.10904,
  "Vapor_Thermal_Conductivity_Const_C": -9898.6,
  "Vapor_Thermal_Conductivity_Const_D": -7669600.0,
  "Vapor_Thermal_Conductivity_Const_E": 0.0,
  "Vapor_Thermal_Conductivity_Tmax": 1000.0,
  "Vapor_Thermal_Conductivity_Tmin": 85.47,
  "Vapor_Viscosity_Const_A": 4.7422E-08,
  "Vapor_Viscosity_Const_B": 0.90416,
  "Vapor_Viscosity_Const_C": -4.7484,
  "Vapor_Viscosity_Const_D": 478.57,
  "Vapor_Viscosity_Const_E": 0.0,
  "Vapor_Viscosity_Tmax": 1000.0,
  "Vapor_Viscosity_Tmin": 85.47,
  "VaporizationEnthalpyEquation": "106",
  "VaporPressureEquation": "101",
  "VaporThermalConductivityEquation": "102",
  "VaporViscosityEquation": "102",
  "Z_Rackett": 0.2763,
  "Elements": {
    "C": 3.0,
    "H": 8.0
  },
  "MODFACGroups": {
    "1": 2,
    "2": 1
  },
  "NISTMODFACGroups": {
    "1": 2,
    "2": 1
  },
  "UNIFACGroups": {
    "1": 2,
    "2": 1
  },
  "FullerDiffusionVolume": 66.17999,
  "LennardJonesDiameter": 5.114825E-10,
  "LennardJonesEnergy": 234.5244,
  "Parachor": 0.0268,
  "Tag": "",
  "ExtraProperties": {},
  "COSTALD_SRK_Acentric_Factor": 0.1532,
  "COSTALD_Characteristic_Volume": 0.20008
}