{
  "Acentric_Factor": 0.344,
  "BO_BSW": 0.0,
  "BO_GOR": 0.0,
  "BO_OilVisc1": 0.0,
  "BO_OilVisc2": 0.0,
  "BO_OilViscTemp1": 0.0,
  "BO_OilViscTemp2": 0.0,
  "BO_PNA_A": 0.0,
  "BO_PNA_N": 0.0,
  "BO_PNA_P": 0.0,
  "BO_SGG": 0.0,
  "BO_SGO": 0.0,
  "CAS_Number": "7732-18-5",
  "Chao_Seader_Acentricity": 0.328,
  "Chao_Seader_Liquid_Molar_Volume": 18.0674,
  "Chao_Seader_Solubility_Parameter": 0.011419872144199998,
  "Charge": 0,
  "ChemicalStructure": "",
  "Comments": "",
  "CompCreatorStudyFile": "",
  "COSMODBName": null,
  "Critical_Compressibility": 0.229,
  "Critical_Pressure": 22064000.0,
  "Critical_Temperature": 647.14,
  "Critical_Volume": 0.05595,
  "CurrentDB": "ChemSep",
  "Dipole_Moment": 6.17E-30,
  "Electrolyte_Cp0": 0.0,
  "Electrolyte_DelGF": 0.0,
  "Electrolyte_DelHF": 0.0,
  "EnthalpyOfFusionAtTf": 6.00174,
  "Formula": "HOH",
  "HVap_A": 59640000.0,
  "HVap_B": 0.86515,
  "HVap_C": -1.1134,
  "HVap_D": 0.67764,
  "HVap_E": -0.026925,
  "HVap_TMAX": 647.28,
  "HVap_TMIN": 273.15,
  "HydrationNumber": 0.0,
  "ID": 1921,
  "Ideal_Gas_Heat_Capacity_Const_A": 33200.0,
  "Ideal_Gas_Heat_Capacity_Const_B": -878.9001,
  "Ideal_Gas_Heat_Capacity_Const_C": 8.436956,
  "Ideal_Gas_Heat_Capacity_Const_D": 0.00207627,
  "Ideal_Gas_Heat_Capacity_Const_E": -6.467085E-07,
  "IdealgasCpEquation": "16",
  "IG_Enthalpy_of_Formation_25C": -13422.716716032168,
  "IG_Entropy_of_Formation_25C": -2.4619941145635971,
  "IG_Gibbs_Energy_of_Formation_25C": -12688.673170775031,
  "InChI": "",
  "Ion_CpAq_a": 0.0,
  "Ion_CpAq_b": 0.0,
  "Ion_CpAq_c": 0.0,
  "IsBlackOil": false,
  "IsCOOLPROPSupported": true,
  "IsFPROPSSupported": false,
  "IsHydratedSalt": false,
  "IsHYPO": 0,
  "IsIon": false,
  "IsModified": false,
  "IsPF": 0,
  "IsSalt": false,
  "Liquid_Density_Const_A": 32.51621,
  "Liquid_Density_Const_B": -3.213004,
  "Liquid_Density_Const_C": 7.92411,
  "Liquid_Density_Const_D": -7.359898,
  "Liquid_Density_Const_E": 2.703522,
  "Liquid_Density_Tmax": 647.29,
  "Liquid_Density_Tmin": 253.1,
  "Liquid_Heat_Capacity_Const_A": 75539.0,
  "Liquid_Heat_Capacity_Const_B": -22297.0,
  "Liquid_Heat_Capacity_Const_C": 136.02,
  "Liquid_Heat_Capacity_Const_D": -0.25622,
  "Liquid_Heat_Capacity_Const_E": 0.00018273,
  "Liquid_Heat_Capacity_Tmax": 533.15,
  "Liquid_Heat_Capacity_Tmin": 273.1,
  "Liquid_Thermal_Conductivity_Const_A": -1.5697,
  "Liquid_Thermal_Conductivity_Const_B": -55.141,
  "Liquid_Thermal_Conductivity_Const_C": 0.7832,
  "Liquid_Thermal_Conductivity_Const_D": 0.0011484,
  "Liquid_Thermal_Conductivity_Const_E": -1.8151E-06,
  "Liquid_Thermal_Conductivity_Tmax": 633.15,
  "Liquid_Thermal_Conductivity_Tmin": 273.1,
  "Liquid_Viscosity_Const_A": -133.7,
  "Liquid_Viscosity_Const_B": 6785.7,
  "Liquid_Viscosity_Const_C": 18.47,
  "Liquid_Viscosity_Const_D": -1.4736E-05,
  "Liquid_Viscosity_Const_E": 2.0,
  "LiquidDensityEquation": "106",
  "LiquidHeatCapacityEquation": "16",
  "LiquidThermalConductivityEquation": "16",
  "LiquidViscosityEquation": "101",
  "Molar_Weight": 18.01528,
  "MolarVolume_k1i": 0.0,
  "MolarVolume_k2i": 0.0,
  "MolarVolume_k3i": 0.0,
  "MolarVolume_v2i": 0.0,
  "MolarVolume_v3i": 0.0,
  "Name": "Water",
  "NBP": null,
  "NegativeIon": "",
  "NegativeIonStoichCoeff": 0,
  "Normal_Boiling_Point": 373.15,
  "OriginalDB": "ChemSep",
  "PC_SAFT_epsilon_k": 0.0,
  "PC_SAFT_m": 0.0,
  "PC_SAFT_sigma": 0.0,
  "PF_MM": null,
  "PF_SG": null,
  "PF_Tv1": null,
  "PF_Tv2": null,
  "PF_v1": null,
  "PF_v2": null,
  "PF_vA": null,
  "PF_vB": null,
  "PF_Watson_K": null,
  "PositiveIon": "",
  "PositiveIonStoichCoeff": 0,
  "PR_Volume_Translation_Coefficient": 0.0,
  "SMILES": "O",
  "Solid_Density_Const_A": 52.967,
  "Solid_Density_Const_B": -0.0075822,
  "Solid_Density_Const_C": 0.0,
  "Solid_Density_Const_D": 0.0,
  "Solid_Density_Const_E": 0.0,
  "Solid_Density_Tmax": 273.15,
  "Solid_Density_Tmin": 233.15,
  "Solid_Heat_Capacity_Const_A": -262.51,
  "Solid_Heat_Capacity_Const_B": 140.52,
  "Solid_Heat_Capacity_Const_C": -3.8869E-06,
  "Solid_Heat_Capacity_Const_D": -1.1996E-08,
  "Solid_Heat_Capacity_Const_E": 7.1879E-11,
  "Solid_Heat_Capacity_Tmax": 273.15,
  "Solid_Heat_Capacity_Tmin": 3.15,
  "SolidDensityAtTs": 0.0,
  "SolidDensityEquation": "2",
  "SolidHeatCapacityEquation": "100",
  "SolidTs": 0.0,
  "SRK_Volume_Translation_Coefficient": 0.0,
  "StandardStateMolarVolume": 0.0,
  "StoichSum": 0,
  "Surface_Tension_Const_A": -0.031819,
  "Surface_Tension_Const_B": 167.09,
  "Surface_Tension_Const_C": -3.6781,
  "Surface_Tension_Const_D": 0.0053717,
  "Surface_Tension_Const_E": -8.4188E-06,
  "Surface_Tension_Tmax": 647.1,
  "Surface_Tension_Tmin": 265.1,
  "SurfaceTensionEquation": "16",
  "TemperatureOfFusion": 273.15,
  "UNIQUAC_Q": 1.4,
  "UNIQUAC_R": 0.92,
  "Vapor_Pressure_Constant_A": 74.55502,
  "Vapor_Pressure_Constant_B": -7295.586,
  "Vapor_Pressure_Constant_C": -7.442448,
  "Vapor_Pressure_Constant_D": 4.2881E-06,
  "Vapor_Pressure_Constant_E": 2.0,
  "Vapor_Pressure_TMAX": 647.29,
  "Vapor_Pressure_TMIN": 263.15,
  "Vapor_Thermal_Conductivity_Const_A": 6.5986E-06,
  "Vapor_Thermal_Conductivity_Const_B": 1.3947,
  "Vapor_Thermal_Conductivity_Const_C": 59.478,
  "Vapor_Thermal_Conductivity_Const_D": -15484.0,
  "Vapor_Thermal_Conductivity_Const_E": 0.0,
  "Vapor_Thermal_Conductivity_Tmax": 1073.15,
  "Vapor_Thermal_Conductivity_Tmin": 273.16,
  "Vapor_Viscosity_Const_A": 7.002327E-08,
  "Vapor_Viscosity_Const_B": 0.934576,
  "Vapor_Viscosity_Const_C": 195.6338,
  "Vapor_Viscosity_Const_D": -13045.99,
  "Vapor_Viscosity_Const_E": 0.0,
  "Vapor_Viscosity_Tmax": 1073.15,
  "Vapor_Viscosity_Tmin": 273.16,
  "VaporizationEnthalpyEquation": "106",
  "VaporPressureEquation": "101",
  "VaporThermalConductivityEquation": "102",
  "VaporViscosityEquation": "102",
  "Z_Rackett": 0.2338,
  "Elements": {
    "H": 2.0,
    "O": 1.0
  },
  "MODFACGroups": {
    "16": 1
  },
  "NISTMODFACGroups": {
    "16": 1
  },
  "UNIFACGroups": {
    "17": 1
  },
  "FullerDiffusionVolume": 13.11,
  "LennardJonesDiameter": 2.52E-10,
  "LennardJonesEnergy": 775.0,
  "Parachor": 0.00926,
  "Tag": "",
  "ExtraProperties": {},
  "COSTALD_SRK_Acentric_Factor": -0.65445,
  "COSTALD_Characteristic_Volume": 0.04357
}