<?xml version="1.0"?>
<compounds>
  <compound>
    <Name>Carbon</Name>
    <CAS_Number>7440-44-0</CAS_Number>
    <ID>700155</ID>
    <OriginalDB>User</OriginalDB>
    <CurrentDB>User</CurrentDB>
    <Comments>
    </Comments>
    <CompCreatorStudyFile>
    </CompCreatorStudyFile>
    <Formula>C</Formula>
    <SMILES>
    </SMILES>
    <Molar_Weight>12.011</Molar_Weight>
    <Critical_Temperature>366.603056082341</Critical_Temperature>
    <Critical_Pressure>7986193.46873126</Critical_Pressure>
    <Critical_Volume>0.0445</Critical_Volume>
    <Critical_Compressibility>0.116598707622719</Critical_Compressibility>
    <Acentric_Factor>0.155863964055718</Acentric_Factor>
    <Z_Rackett>0.116598707622719</Z_Rackett>
    <PR_Volume_Translation_Coefficient>0</PR_Volume_Translation_Coefficient>
    <SRK_Volume_Translation_Coefficient>0</SRK_Volume_Translation_Coefficient>
    <CS_Acentric_Factor>0</CS_Acentric_Factor>
    <CS_Solubility_Parameter>0</CS_Solubility_Parameter>
    <CS_Liquid_Molar_Volume>0</CS_Liquid_Molar_Volume>
    <IG_Enthalpy_of_Formation_25C>12531.8458080093</IG_Enthalpy_of_Formation_25C>
    <IG_Gibbs_Energy_of_Formation_25C>14145.3667471484</IG_Gibbs_Energy_of_Formation_25C>
    <Vapor_Pressure_Constant_EqNo>
    </Vapor_Pressure_Constant_EqNo>
    <Vapor_Pressure_Constant_A>0</Vapor_Pressure_Constant_A>
    <Vapor_Pressure_Constant_B>0</Vapor_Pressure_Constant_B>
    <Vapor_Pressure_Constant_C>0</Vapor_Pressure_Constant_C>
    <Vapor_Pressure_Constant_D>0</Vapor_Pressure_Constant_D>
    <Vapor_Pressure_Constant_E>0</Vapor_Pressure_Constant_E>
    <Ideal_Gas_Heat_Capacity_EqNo>4</Ideal_Gas_Heat_Capacity_EqNo>
    <Ideal_Gas_Heat_Capacity_Const_A>-104130</Ideal_Gas_Heat_Capacity_Const_A>
    <Ideal_Gas_Heat_Capacity_Const_B>637</Ideal_Gas_Heat_Capacity_Const_B>
    <Ideal_Gas_Heat_Capacity_Const_C>-1.032</Ideal_Gas_Heat_Capacity_Const_C>
    <Ideal_Gas_Heat_Capacity_Const_D>0.000507</Ideal_Gas_Heat_Capacity_Const_D>
    <Ideal_Gas_Heat_Capacity_Const_E>0</Ideal_Gas_Heat_Capacity_Const_E>
    <Liquid_Heat_Capacity_EqNo>
    </Liquid_Heat_Capacity_EqNo>
    <Liquid_Heat_Capacity_Const_A>0</Liquid_Heat_Capacity_Const_A>
    <Liquid_Heat_Capacity_Const_B>0</Liquid_Heat_Capacity_Const_B>
    <Liquid_Heat_Capacity_Const_C>0</Liquid_Heat_Capacity_Const_C>
    <Liquid_Heat_Capacity_Const_D>0</Liquid_Heat_Capacity_Const_D>
    <Liquid_Heat_Capacity_Const_E>0</Liquid_Heat_Capacity_Const_E>
    <Liquid_Heat_Capacity_TMin>0</Liquid_Heat_Capacity_TMin>
    <Liquid_Heat_Capacity_TMax>0</Liquid_Heat_Capacity_TMax>
    <Liquid_Thermal_Conductivity_EqNo>
    </Liquid_Thermal_Conductivity_EqNo>
    <Liquid_Thermal_Conductivity_Const_A>0</Liquid_Thermal_Conductivity_Const_A>
    <Liquid_Thermal_Conductivity_Const_B>0</Liquid_Thermal_Conductivity_Const_B>
    <Liquid_Thermal_Conductivity_Const_C>0</Liquid_Thermal_Conductivity_Const_C>
    <Liquid_Thermal_Conductivity_Const_D>0</Liquid_Thermal_Conductivity_Const_D>
    <Liquid_Thermal_Conductivity_Const_E>0</Liquid_Thermal_Conductivity_Const_E>
    <Liquid_Thermal_Conductivity_Const_Tmin>0</Liquid_Thermal_Conductivity_Const_Tmin>
    <Liquid_Thermal_Conductivity_Const_Tmax>0</Liquid_Thermal_Conductivity_Const_Tmax>
    <Liquid_Viscosity_EqNo>
    </Liquid_Viscosity_EqNo>
    <Liquid_Viscosity_Const_A>0</Liquid_Viscosity_Const_A>
    <Liquid_Viscosity_Const_B>0</Liquid_Viscosity_Const_B>
    <Liquid_Viscosity_Const_C>0</Liquid_Viscosity_Const_C>
    <Liquid_Viscosity_Const_D>0</Liquid_Viscosity_Const_D>
    <Liquid_Viscosity_Const_E>0</Liquid_Viscosity_Const_E>
    <Liquid_Density_EqNo>
    </Liquid_Density_EqNo>
    <Liquid_Density_Const_A>0</Liquid_Density_Const_A>
    <Liquid_Density_Const_B>0</Liquid_Density_Const_B>
    <Liquid_Density_Const_C>0</Liquid_Density_Const_C>
    <Liquid_Density_Const_D>0</Liquid_Density_Const_D>
    <Liquid_Density_Const_E>0</Liquid_Density_Const_E>
    <Vapor_Viscosity_EqNo>
    </Vapor_Viscosity_EqNo>
    <Vapor_Viscosity_Const_A>0</Vapor_Viscosity_Const_A>
    <Vapor_Viscosity_Const_B>0</Vapor_Viscosity_Const_B>
    <Vapor_Viscosity_Const_C>0</Vapor_Viscosity_Const_C>
    <Vapor_Viscosity_Const_D>0</Vapor_Viscosity_Const_D>
    <Vapor_Viscosity_Const_E>0</Vapor_Viscosity_Const_E>
    <Vapor_Thermal_Conductivity_EqNo>
    </Vapor_Thermal_Conductivity_EqNo>
    <Vapor_Thermal_Conductivity_Const_A>0</Vapor_Thermal_Conductivity_Const_A>
    <Vapor_Thermal_Conductivity_Const_B>0</Vapor_Thermal_Conductivity_Const_B>
    <Vapor_Thermal_Conductivity_Const_C>0</Vapor_Thermal_Conductivity_Const_C>
    <Vapor_Thermal_Conductivity_Const_D>0</Vapor_Thermal_Conductivity_Const_D>
    <Vapor_Thermal_Conductivity_Const_E>0</Vapor_Thermal_Conductivity_Const_E>
    <Vapor_Thermal_Conductivity_Const_Tmin>0</Vapor_Thermal_Conductivity_Const_Tmin>
    <Vapor_Thermal_Conductivity_Const_Tmax>0</Vapor_Thermal_Conductivity_Const_Tmax>
    <Solid_Heat_Capacity_EqNo>
    </Solid_Heat_Capacity_EqNo>
    <Solid_Heat_Capacity_Constant_A>0</Solid_Heat_Capacity_Constant_A>
    <Solid_Heat_Capacity_Constant_B>0</Solid_Heat_Capacity_Constant_B>
    <Solid_Heat_Capacity_Constant_C>0</Solid_Heat_Capacity_Constant_C>
    <Solid_Heat_Capacity_Constant_D>0</Solid_Heat_Capacity_Constant_D>
    <Solid_Heat_Capacity_Constant_E>0</Solid_Heat_Capacity_Constant_E>
    <Solid_Heat_Capacity_TMin>0</Solid_Heat_Capacity_TMin>
    <Solid_Heat_Capacity_TMax>0</Solid_Heat_Capacity_TMax>
    <Solid_Density_EqNo>
    </Solid_Density_EqNo>
    <Solid_Density_Constant_A>0</Solid_Density_Constant_A>
    <Solid_Density_Constant_B>0</Solid_Density_Constant_B>
    <Solid_Density_Constant_C>0</Solid_Density_Constant_C>
    <Solid_Density_Constant_D>0</Solid_Density_Constant_D>
    <Solid_Density_Constant_E>0</Solid_Density_Constant_E>
    <Solid_Density_TMin>0</Solid_Density_TMin>
    <Solid_Density_TMax>0</Solid_Density_TMax>
    <Normal_Boiling_Point>216.45</Normal_Boiling_Point>
    <UNIQUAC_q>0</UNIQUAC_q>
    <UNIQUAC_r>0</UNIQUAC_r>
    <Temperature_of_fusion>168.93</Temperature_of_fusion>
    <Enthalpy_of_fusion>-2.34</Enthalpy_of_fusion>
    <PC_SAFT_sigma>0</PC_SAFT_sigma>
    <PC_SAFT_m>0</PC_SAFT_m>
    <PC_SAFT_epsilon_k>0</PC_SAFT_epsilon_k>
    <IsBlackOil>False</IsBlackOil>
    <BlackOil_GOR>0</BlackOil_GOR>
    <BlackOil_BSW>0</BlackOil_BSW>
    <BlackOil_SGG>0</BlackOil_SGG>
    <BlackOil_SGO>0</BlackOil_SGO>
    <BlackOil_OilVisc1>0</BlackOil_OilVisc1>
    <BlackOil_OilVisc2>0</BlackOil_OilVisc2>
    <BlackOil_OilViscTemp1>0</BlackOil_OilViscTemp1>
    <BlackOil_OilViscTemp2>0</BlackOil_OilViscTemp2>
    <BlackOil_PNA_A>0</BlackOil_PNA_A>
    <BlackOil_PNA_N>0</BlackOil_PNA_N>
    <BlackOil_PNA_P>0</BlackOil_PNA_P>
    <Ion>False</Ion>
    <Salt>False</Salt>
    <HydratedSalt>False</HydratedSalt>
    <HydrationNumber>0</HydrationNumber>
    <Charge>0</Charge>
    <PositiveIon>
    </PositiveIon>
    <NegativeIon>
    </NegativeIon>
    <PositiveIonStoichCoeff>0</PositiveIonStoichCoeff>
    <NegativeIonStoichCoeff>0</NegativeIonStoichCoeff>
    <StoichSum>0</StoichSum>
    <DelGF_kJ_mol>0</DelGF_kJ_mol>
    <DelHf_kJ_mol>0</DelHf_kJ_mol>
    <Cp_J_mol_K>0</Cp_J_mol_K>
    <Tf_C>168.93</Tf_C>
    <Hfus_at_Tf_kJ_mol>-2.34</Hfus_at_Tf_kJ_mol>
    <DenS_T_C>0</DenS_T_C>
    <DenS_g_mL>0</DenS_g_mL>
    <UNIFAC>
      <UNIFACGroup ID="4">1</UNIFACGroup>
    </UNIFAC>
    <elements />
  </compound>
</compounds>