{
  "Acentric_Factor": 0.3582,
  "BO_BSW": 0.0,
  "BO_GOR": 0.0,
  "BO_OilVisc1": 0.0,
  "BO_OilVisc2": 0.0,
  "BO_OilViscTemp1": 0.0,
  "BO_OilViscTemp2": 0.0,
  "BO_PNA_A": 0.0,
  "BO_PNA_N": 0.0,
  "BO_PNA_P": 0.0,
  "BO_SGG": 0.0,
  "BO_SGO": 0.0,
  "CAS_Number": "7722-84-1",
  "Chao_Seader_Acentricity": 0.0,
  "Chao_Seader_Liquid_Molar_Volume": 0.0,
  "Chao_Seader_Solubility_Parameter": 0.0,
  "Charge": 0,
  "ChemicalStructure": "",
  "Comments": "",
  "CompCreatorStudyFile": "",
  "COSMODBName": null,
  "Critical_Compressibility": 0.277737566047,
  "Critical_Pressure": 21700000.0,
  "Critical_Temperature": 730.15,
  "Critical_Volume": 0.0777,
  "CurrentDB": "ChEDL Thermo",
  "Dipole_Moment": 1.77,
  "Electrolyte_Cp0": 0.0,
  "Electrolyte_DelGF": 0.0,
  "Electrolyte_DelHF": 0.0,
  "EnthalpyOfFusionAtTf": 12.5,
  "Formula": "H2O2",
  "HVap_A": 2822.9054860932765,
  "HVap_B": -6.2910291732805268,
  "HVap_C": 0.010070203081374731,
  "HVap_D": -6.9355409875050642E-06,
  "HVap_E": -1.2621145807284198E-09,
  "HVap_TMAX": 0.0,
  "HVap_TMIN": 0.0,
  "HydrationNumber": 0.0,
  "ID": 763951,
  "Ideal_Gas_Heat_Capacity_Const_A": 0.76429765399546112,
  "Ideal_Gas_Heat_Capacity_Const_B": 0.0017794363930796699,
  "Ideal_Gas_Heat_Capacity_Const_C": -4.8327052822855842E-07,
  "Ideal_Gas_Heat_Capacity_Const_D": -7.1286136562222287E-10,
  "Ideal_Gas_Heat_Capacity_Const_E": 5.0708291602923339E-13,
  "IdealgasCpEquation": "5",
  "IG_Enthalpy_of_Formation_25C": 0.0,
  "IG_Entropy_of_Formation_25C": 0.0,
  "IG_Gibbs_Energy_of_Formation_25C": 0.0,
  "InChI": "H2O2/c1-2/h1-2H",
  "Ion_CpAq_a": 0.0,
  "Ion_CpAq_b": 0.0,
  "Ion_CpAq_c": 0.0,
  "IsBlackOil": false,
  "IsCOOLPROPSupported": false,
  "IsFPROPSSupported": false,
  "IsHydratedSalt": false,
  "IsHYPO": 0,
  "IsIon": false,
  "IsModified": false,
  "IsPF": 0,
  "IsSalt": false,
  "Liquid_Density_Const_A": 5.3649019535708886,
  "Liquid_Density_Const_B": 0.061037664276945763,
  "Liquid_Density_Const_C": 421.68628353542755,
  "Liquid_Density_Const_D": 5.6732431899676981E-07,
  "Liquid_Density_Const_E": 0.0,
  "Liquid_Density_Tmax": 423.35,
  "Liquid_Density_Tmin": 252.935,
  "Liquid_Heat_Capacity_Const_A": -0.21607586286677904,
  "Liquid_Heat_Capacity_Const_B": 0.0071549341929584825,
  "Liquid_Heat_Capacity_Const_C": -5.7683604544937216E-06,
  "Liquid_Heat_Capacity_Const_D": 2.318879280354958E-17,
  "Liquid_Heat_Capacity_Const_E": -1.8650495734070285E-20,
  "Liquid_Heat_Capacity_Tmax": 423.35,
  "Liquid_Heat_Capacity_Tmin": 252.935,
  "Liquid_Thermal_Conductivity_Const_A": 0.42600037175351929,
  "Liquid_Thermal_Conductivity_Const_B": -0.00019594936190756685,
  "Liquid_Thermal_Conductivity_Const_C": 4.5908340793787575E-11,
  "Liquid_Thermal_Conductivity_Const_D": -8.0425699570932314E-14,
  "Liquid_Thermal_Conductivity_Const_E": 3.4883212730226584E-17,
  "Liquid_Thermal_Conductivity_Tmax": 0.0,
  "Liquid_Thermal_Conductivity_Tmin": 0.0,
  "Liquid_Viscosity_Const_A": -10563.72646482108,
  "Liquid_Viscosity_Const_B": -563.71807440654118,
  "Liquid_Viscosity_Const_C": -2.8787244047951877,
  "Liquid_Viscosity_Const_D": 10575.069639098096,
  "Liquid_Viscosity_Const_E": 0.0,
  "LiquidDensityEquation": "105",
  "LiquidHeatCapacityEquation": "5",
  "LiquidThermalConductivityEquation": "5",
  "LiquidViscosityEquation": "101",
  "Molar_Weight": 34.01468,
  "MolarVolume_k1i": 0.0,
  "MolarVolume_k2i": 0.0,
  "MolarVolume_k3i": 0.0,
  "MolarVolume_v2i": 0.0,
  "MolarVolume_v3i": 0.0,
  "Name": "Hydrogen Peroxide",
  "NBP": 423.35,
  "NegativeIon": "",
  "NegativeIonStoichCoeff": 0,
  "Normal_Boiling_Point": 423.35,
  "OriginalDB": "ChEDL Thermo",
  "PC_SAFT_epsilon_k": 0.0,
  "PC_SAFT_m": 0.0,
  "PC_SAFT_sigma": 0.0,
  "PF_MM": null,
  "PF_SG": null,
  "PF_Tv1": null,
  "PF_Tv2": null,
  "PF_v1": null,
  "PF_v2": null,
  "PF_vA": null,
  "PF_vB": null,
  "PF_Watson_K": null,
  "PositiveIon": "",
  "PositiveIonStoichCoeff": 0,
  "PR_Volume_Translation_Coefficient": 0.0,
  "SMILES": "OO",
  "Solid_Density_Const_A": 0.0,
  "Solid_Density_Const_B": 0.0,
  "Solid_Density_Const_C": 0.0,
  "Solid_Density_Const_D": 0.0,
  "Solid_Density_Const_E": 0.0,
  "Solid_Density_Tmax": 0.0,
  "Solid_Density_Tmin": 0.0,
  "Solid_Heat_Capacity_Const_A": 0.028901574044053576,
  "Solid_Heat_Capacity_Const_B": 0.0041329343376340011,
  "Solid_Heat_Capacity_Const_C": -6.8743648778275725E-06,
  "Solid_Heat_Capacity_Const_D": 2.2819164665197658E-08,
  "Solid_Heat_Capacity_Const_E": -2.4849807664078443E-11,
  "Solid_Heat_Capacity_Tmax": 252.935,
  "Solid_Heat_Capacity_Tmin": 126.4675,
  "SolidDensityAtTs": 0.0,
  "SolidDensityEquation": "",
  "SolidHeatCapacityEquation": "5",
  "SolidTs": 0.0,
  "SRK_Volume_Translation_Coefficient": 0.0,
  "StandardStateMolarVolume": 0.0,
  "StoichSum": 0,
  "Surface_Tension_Const_A": 0.21684054081043955,
  "Surface_Tension_Const_B": -0.00032995940047037328,
  "Surface_Tension_Const_C": 9.7920012200723069E-10,
  "Surface_Tension_Const_D": -2.6697467984331216E-11,
  "Surface_Tension_Const_E": 1.0369625661283088E-13,
  "Surface_Tension_Tmax": 0.0,
  "Surface_Tension_Tmin": 0.0,
  "SurfaceTensionEquation": "5",
  "TemperatureOfFusion": 252.935,
  "UNIQUAC_Q": 0.0,
  "UNIQUAC_R": 0.0,
  "Vapor_Pressure_Constant_A": 216.48196281304357,
  "Vapor_Pressure_Constant_B": -8722.85217453316,
  "Vapor_Pressure_Constant_C": -6.6549885491265721,
  "Vapor_Pressure_Constant_D": -144.1739650768028,
  "Vapor_Pressure_Constant_E": 0.0,
  "Vapor_Pressure_TMAX": 423.35,
  "Vapor_Pressure_TMIN": 252.935,
  "Vapor_Thermal_Conductivity_Const_A": -0.010875814899007352,
  "Vapor_Thermal_Conductivity_Const_B": 6.5909532933840892E-05,
  "Vapor_Thermal_Conductivity_Const_C": 2.27598477420487E-08,
  "Vapor_Thermal_Conductivity_Const_D": 2.1032260714109966E-11,
  "Vapor_Thermal_Conductivity_Const_E": -4.6064169921569305E-15,
  "Vapor_Thermal_Conductivity_Tmax": 0.0,
  "Vapor_Thermal_Conductivity_Tmin": 0.0,
  "Vapor_Viscosity_Const_A": -1.6955932417985666E-05,
  "Vapor_Viscosity_Const_B": 1.3672203692756529E-07,
  "Vapor_Viscosity_Const_C": -1.7565148959411643E-10,
  "Vapor_Viscosity_Const_D": 1.5407162243553954E-13,
  "Vapor_Viscosity_Const_E": -5.3621649344489845E-17,
  "Vapor_Viscosity_Tmax": 730.15,
  "Vapor_Viscosity_Tmin": 423.35,
  "VaporizationEnthalpyEquation": "5",
  "VaporPressureEquation": "101",
  "VaporThermalConductivityEquation": "5",
  "VaporViscosityEquation": "5",
  "Z_Rackett": 0.277737566047,
  "Elements": {
    "H": "2",
    "O": "2"
  },
  "MODFACGroups": {},
  "NISTMODFACGroups": {},
  "UNIFACGroups": {},
  "FullerDiffusionVolume": 0.0,
  "LennardJonesDiameter": 0.0,
  "LennardJonesEnergy": 0.0,
  "Parachor": 0.0,
  "Tag": "",
  "ExtraProperties": {}
}