{
  "Acentric_Factor": 0.462,
  "BO_BSW": 0.0,
  "BO_GOR": 0.0,
  "BO_OilVisc1": 0.0,
  "BO_OilVisc2": 0.0,
  "BO_OilViscTemp1": 0.0,
  "BO_OilViscTemp2": 0.0,
  "BO_PNA_A": 0.0,
  "BO_PNA_N": 0.0,
  "BO_PNA_P": 0.0,
  "BO_SGG": 0.0,
  "BO_SGO": 0.0,
  "CAS_Number": "100-64-1",
  "Chao_Seader_Acentricity": 0.0,
  "Chao_Seader_Liquid_Molar_Volume": 0.0,
  "Chao_Seader_Solubility_Parameter": 0.0,
  "Charge": 0,
  "ChemicalStructure": "",
  "Comments": "",
  "CompCreatorStudyFile": "",
  "COSMODBName": null,
  "Critical_Compressibility": 0.29111134393,
  "Critical_Pressure": 4690000.0,
  "Critical_Temperature": 715.0,
  "Critical_Volume": 0.36900000000000005,
  "CurrentDB": "ChEDL Thermo",
  "Dipole_Moment": 0.0,
  "Electrolyte_Cp0": 0.0,
  "Electrolyte_DelGF": 0.0,
  "Electrolyte_DelHF": 0.0,
  "EnthalpyOfFusionAtTf": 0.0,
  "Formula": "C6H11NO",
  "HVap_A": 958.8602627958461,
  "HVap_B": -2.1423417030308665,
  "HVap_C": 0.002836985004416905,
  "HVap_D": -7.63680290249635E-07,
  "HVap_E": -1.6836498517352912E-09,
  "HVap_TMAX": 0.0,
  "HVap_TMIN": 0.0,
  "HydrationNumber": 0.0,
  "ID": 710440,
  "Ideal_Gas_Heat_Capacity_Const_A": -0.38661325008048009,
  "Ideal_Gas_Heat_Capacity_Const_B": 0.00625604427715747,
  "Ideal_Gas_Heat_Capacity_Const_C": -3.2768903977236572E-06,
  "Ideal_Gas_Heat_Capacity_Const_D": -3.4676994232716065E-10,
  "Ideal_Gas_Heat_Capacity_Const_E": 7.3873293810606288E-13,
  "IdealgasCpEquation": "5",
  "IG_Enthalpy_of_Formation_25C": 0.0,
  "IG_Entropy_of_Formation_25C": 0.0,
  "IG_Gibbs_Energy_of_Formation_25C": 0.0,
  "InChI": "C6H11NO/c8-7-6-4-2-1-3-5-6/h8H,1-5H2",
  "Ion_CpAq_a": 0.0,
  "Ion_CpAq_b": 0.0,
  "Ion_CpAq_c": 0.0,
  "IsBlackOil": false,
  "IsCOOLPROPSupported": false,
  "IsFPROPSSupported": false,
  "IsHydratedSalt": false,
  "IsHYPO": 0,
  "IsIon": false,
  "IsModified": false,
  "IsPF": 0,
  "IsSalt": false,
  "Liquid_Density_Const_A": 0.0070639976210463843,
  "Liquid_Density_Const_B": 0.00252724220914013,
  "Liquid_Density_Const_C": 701.10102716595782,
  "Liquid_Density_Const_D": 0.04432637563451565,
  "Liquid_Density_Const_E": 0.0,
  "Liquid_Density_Tmax": 481.15,
  "Liquid_Density_Tmin": 362.65,
  "Liquid_Heat_Capacity_Const_A": 0.16069365972396718,
  "Liquid_Heat_Capacity_Const_B": 0.0069434210295913007,
  "Liquid_Heat_Capacity_Const_C": -4.7034454354434255E-06,
  "Liquid_Heat_Capacity_Const_D": 6.2334686499602122E-16,
  "Liquid_Heat_Capacity_Const_E": -3.6865460905954346E-19,
  "Liquid_Heat_Capacity_Tmax": 481.15,
  "Liquid_Heat_Capacity_Tmin": 362.65,
  "Liquid_Thermal_Conductivity_Const_A": 0.21139047777185824,
  "Liquid_Thermal_Conductivity_Const_B": -0.00019586917598294002,
  "Liquid_Thermal_Conductivity_Const_C": 7.0650201824610235E-12,
  "Liquid_Thermal_Conductivity_Const_D": -1.7296284057485427E-13,
  "Liquid_Thermal_Conductivity_Const_E": 5.5195541117238195E-17,
  "Liquid_Thermal_Conductivity_Tmax": 0.0,
  "Liquid_Thermal_Conductivity_Tmin": 0.0,
  "Liquid_Viscosity_Const_A": 37125.325360182804,
  "Liquid_Viscosity_Const_B": -1438.4492463773838,
  "Liquid_Viscosity_Const_C": -5.284138414296474,
  "Liquid_Viscosity_Const_D": -37097.72383497838,
  "Liquid_Viscosity_Const_E": 0.0,
  "LiquidDensityEquation": "105",
  "LiquidHeatCapacityEquation": "5",
  "LiquidThermalConductivityEquation": "5",
  "LiquidViscosityEquation": "101",
  "Molar_Weight": 113.15764,
  "MolarVolume_k1i": 0.0,
  "MolarVolume_k2i": 0.0,
  "MolarVolume_k3i": 0.0,
  "MolarVolume_v2i": 0.0,
  "MolarVolume_v3i": 0.0,
  "Name": "N-Cyclohexylidenehydroxylamine",
  "NBP": 481.15,
  "NegativeIon": "",
  "NegativeIonStoichCoeff": 0,
  "Normal_Boiling_Point": 481.15,
  "OriginalDB": "ChEDL Thermo",
  "PC_SAFT_epsilon_k": 0.0,
  "PC_SAFT_m": 0.0,
  "PC_SAFT_sigma": 0.0,
  "PF_MM": null,
  "PF_SG": null,
  "PF_Tv1": null,
  "PF_Tv2": null,
  "PF_v1": null,
  "PF_v2": null,
  "PF_vA": null,
  "PF_vB": null,
  "PF_Watson_K": null,
  "PositiveIon": "",
  "PositiveIonStoichCoeff": 0,
  "PR_Volume_Translation_Coefficient": 0.0,
  "SMILES": "C1CCC(=NO)CC1",
  "Solid_Density_Const_A": 0.0,
  "Solid_Density_Const_B": 0.0,
  "Solid_Density_Const_C": 0.0,
  "Solid_Density_Const_D": 0.0,
  "Solid_Density_Const_E": 0.0,
  "Solid_Density_Tmax": 0.0,
  "Solid_Density_Tmin": 0.0,
  "Solid_Heat_Capacity_Const_A": 0.13616325458227152,
  "Solid_Heat_Capacity_Const_B": 0.0047034792653523061,
  "Solid_Heat_Capacity_Const_C": -3.2921945708495122E-06,
  "Solid_Heat_Capacity_Const_D": 7.9656730885930933E-09,
  "Solid_Heat_Capacity_Const_E": -6.0931674290437989E-12,
  "Solid_Heat_Capacity_Tmax": 362.65,
  "Solid_Heat_Capacity_Tmin": 181.325,
  "SolidDensityAtTs": 0.0,
  "SolidDensityEquation": "",
  "SolidHeatCapacityEquation": "5",
  "SolidTs": 0.0,
  "SRK_Volume_Translation_Coefficient": 0.0,
  "StandardStateMolarVolume": 0.0,
  "StoichSum": 0,
  "Surface_Tension_Const_A": 0.0816138167561547,
  "Surface_Tension_Const_B": -0.00013494157057616547,
  "Surface_Tension_Const_C": 3.7569355091429452E-08,
  "Surface_Tension_Const_D": -7.4985530346171244E-11,
  "Surface_Tension_Const_E": 8.3824296756630964E-14,
  "Surface_Tension_Tmax": 0.0,
  "Surface_Tension_Tmin": 0.0,
  "SurfaceTensionEquation": "5",
  "TemperatureOfFusion": 362.65,
  "UNIQUAC_Q": 0.0,
  "UNIQUAC_R": 0.0,
  "Vapor_Pressure_Constant_A": 81.9349374493971,
  "Vapor_Pressure_Constant_B": -9144.52335970739,
  "Vapor_Pressure_Constant_C": -6.660085693551971,
  "Vapor_Pressure_Constant_D": -10.275801117641976,
  "Vapor_Pressure_Constant_E": 0.0,
  "Vapor_Pressure_TMAX": 481.15,
  "Vapor_Pressure_TMIN": 362.65,
  "Vapor_Thermal_Conductivity_Const_A": -0.0060159200272923933,
  "Vapor_Thermal_Conductivity_Const_B": 2.4182875310175012E-05,
  "Vapor_Thermal_Conductivity_Const_C": 6.762642327512395E-08,
  "Vapor_Thermal_Conductivity_Const_D": 1.7346496757662173E-11,
  "Vapor_Thermal_Conductivity_Const_E": -1.0971090902517615E-14,
  "Vapor_Thermal_Conductivity_Tmax": 0.0,
  "Vapor_Thermal_Conductivity_Tmin": 0.0,
  "Vapor_Viscosity_Const_A": -1.0894168205596152E-05,
  "Vapor_Viscosity_Const_B": 7.8772342831562E-08,
  "Vapor_Viscosity_Const_C": -1.066482856147181E-10,
  "Vapor_Viscosity_Const_D": 8.9277925230371985E-14,
  "Vapor_Viscosity_Const_E": -2.9801671501688179E-17,
  "Vapor_Viscosity_Tmax": 715.0,
  "Vapor_Viscosity_Tmin": 481.15,
  "VaporizationEnthalpyEquation": "5",
  "VaporPressureEquation": "101",
  "VaporThermalConductivityEquation": "5",
  "VaporViscosityEquation": "5",
  "Z_Rackett": 0.29111134393,
  "Elements": {
    "C": "6",
    "H": "11",
    "N": "1",
    "O": "1"
  },
  "MODFACGroups": {},
  "NISTMODFACGroups": {},
  "UNIFACGroups": {},
  "FullerDiffusionVolume": 0.0,
  "LennardJonesDiameter": 0.0,
  "LennardJonesEnergy": 0.0,
  "Parachor": 0.0,
  "Tag": "",
  "ExtraProperties": {}
}