{
  "Acentric_Factor": 0.41447970736161543,
  "BO_BSW": 0.0,
  "BO_GOR": 0.0,
  "BO_OilVisc1": 0.0,
  "BO_OilVisc2": 0.0,
  "BO_OilViscTemp1": 0.0,
  "BO_OilViscTemp2": 0.0,
  "BO_PNA_A": 0.0,
  "BO_PNA_N": 0.0,
  "BO_PNA_P": 0.0,
  "BO_SGG": 0.0,
  "BO_SGO": 0.0,
  "CAS_Number": "98-86-2",
  "Chao_Seader_Acentricity": 0.0,
  "Chao_Seader_Liquid_Molar_Volume": 0.0,
  "Chao_Seader_Solubility_Parameter": 0.0,
  "Charge": 0,
  "ChemicalStructure": "",
  "Comments": "",
  "CompCreatorStudyFile": "",
  "COSMODBName": null,
  "Critical_Compressibility": 0.2642738336956067,
  "Critical_Pressure": 3945607.434155704,
  "Critical_Temperature": 685.084639952443,
  "Critical_Volume": 0.3815,
  "CurrentDB": "User",
  "Dipole_Moment": 0.0,
  "Electrolyte_Cp0": 0.0,
  "Electrolyte_DelGF": 0.0,
  "Electrolyte_DelHF": 0.0,
  "EnthalpyOfFusionAtTf": 12.116,
  "Formula": "C8H8O",
  "HVap_A": 0.0,
  "HVap_B": 0.0,
  "HVap_C": 0.0,
  "HVap_D": 0.0,
  "HVap_E": 0.0,
  "HVap_TMAX": 0.0,
  "HVap_TMIN": 0.0,
  "HydrationNumber": 0.0,
  "ID": 721855,
  "Ideal_Gas_Heat_Capacity_Const_A": -30930.0,
  "Ideal_Gas_Heat_Capacity_Const_B": 656.92000000000007,
  "Ideal_Gas_Heat_Capacity_Const_C": -0.42390000000000005,
  "Ideal_Gas_Heat_Capacity_Const_D": 0.00010045999999999998,
  "Ideal_Gas_Heat_Capacity_Const_E": 0.0,
  "IdealgasCpEquation": "4",
  "IG_Enthalpy_of_Formation_25C": -703.28170385598116,
  "IG_Entropy_of_Formation_25C": 3.1034540158135662,
  "IG_Gibbs_Energy_of_Formation_25C": -0.24968581201982534,
  "InChI": "1S/C8H8O/c1-7(9)8-5-3-2-4-6-8/h2-6H,1H3",
  "Ion_CpAq_a": 0.0,
  "Ion_CpAq_b": 0.0,
  "Ion_CpAq_c": 0.0,
  "IsBlackOil": false,
  "IsCOOLPROPSupported": false,
  "IsFPROPSSupported": false,
  "IsHydratedSalt": false,
  "IsHYPO": 0,
  "IsIon": false,
  "IsModified": false,
  "IsPF": 0,
  "IsSalt": false,
  "Liquid_Density_Const_A": 0.0,
  "Liquid_Density_Const_B": 0.0,
  "Liquid_Density_Const_C": 0.0,
  "Liquid_Density_Const_D": 0.0,
  "Liquid_Density_Const_E": 0.0,
  "Liquid_Density_Tmax": 0.0,
  "Liquid_Density_Tmin": 0.0,
  "Liquid_Heat_Capacity_Const_A": 0.0,
  "Liquid_Heat_Capacity_Const_B": 0.0,
  "Liquid_Heat_Capacity_Const_C": 0.0,
  "Liquid_Heat_Capacity_Const_D": 0.0,
  "Liquid_Heat_Capacity_Const_E": 0.0,
  "Liquid_Heat_Capacity_Tmax": 0.0,
  "Liquid_Heat_Capacity_Tmin": 0.0,
  "Liquid_Thermal_Conductivity_Const_A": 0.0,
  "Liquid_Thermal_Conductivity_Const_B": 0.0,
  "Liquid_Thermal_Conductivity_Const_C": 0.0,
  "Liquid_Thermal_Conductivity_Const_D": 0.0,
  "Liquid_Thermal_Conductivity_Const_E": 0.0,
  "Liquid_Thermal_Conductivity_Tmax": 0.0,
  "Liquid_Thermal_Conductivity_Tmin": 0.0,
  "Liquid_Viscosity_Const_A": 0.0,
  "Liquid_Viscosity_Const_B": 0.0,
  "Liquid_Viscosity_Const_C": 0.0,
  "Liquid_Viscosity_Const_D": 0.0,
  "Liquid_Viscosity_Const_E": 0.0,
  "LiquidDensityEquation": "",
  "LiquidHeatCapacityEquation": "",
  "LiquidThermalConductivityEquation": "",
  "LiquidViscosityEquation": "",
  "Molar_Weight": 120.15099999999998,
  "MolarVolume_k1i": 0.0,
  "MolarVolume_k2i": 0.0,
  "MolarVolume_k3i": 0.0,
  "MolarVolume_v2i": 0.0,
  "MolarVolume_v3i": 0.0,
  "Name": "acetophenone",
  "NBP": 340.0,
  "NegativeIon": "",
  "NegativeIonStoichCoeff": 0,
  "Normal_Boiling_Point": 463.19,
  "OriginalDB": "User",
  "PC_SAFT_epsilon_k": 0.0,
  "PC_SAFT_m": 0.0,
  "PC_SAFT_sigma": 0.0,
  "PF_MM": null,
  "PF_SG": null,
  "PF_Tv1": null,
  "PF_Tv2": null,
  "PF_v1": null,
  "PF_v2": null,
  "PF_vA": null,
  "PF_vB": null,
  "PF_Watson_K": null,
  "PositiveIon": "",
  "PositiveIonStoichCoeff": 0,
  "PR_Volume_Translation_Coefficient": 0.0,
  "SMILES": "CC(=O)c1ccccc1",
  "Solid_Density_Const_A": 0.0,
  "Solid_Density_Const_B": 0.0,
  "Solid_Density_Const_C": 0.0,
  "Solid_Density_Const_D": 0.0,
  "Solid_Density_Const_E": 0.0,
  "Solid_Density_Tmax": 0.0,
  "Solid_Density_Tmin": 0.0,
  "Solid_Heat_Capacity_Const_A": 0.0,
  "Solid_Heat_Capacity_Const_B": 0.0,
  "Solid_Heat_Capacity_Const_C": 0.0,
  "Solid_Heat_Capacity_Const_D": 0.0,
  "Solid_Heat_Capacity_Const_E": 0.0,
  "Solid_Heat_Capacity_Tmax": 0.0,
  "Solid_Heat_Capacity_Tmin": 0.0,
  "SolidDensityAtTs": 0.0,
  "SolidDensityEquation": "",
  "SolidHeatCapacityEquation": "",
  "SolidTs": 0.0,
  "SRK_Volume_Translation_Coefficient": 0.0,
  "StandardStateMolarVolume": 0.0,
  "StoichSum": 0,
  "Surface_Tension_Const_A": 0.0,
  "Surface_Tension_Const_B": 0.0,
  "Surface_Tension_Const_C": 0.0,
  "Surface_Tension_Const_D": 0.0,
  "Surface_Tension_Const_E": 0.0,
  "Surface_Tension_Tmax": 0.0,
  "Surface_Tension_Tmin": 0.0,
  "SurfaceTensionEquation": "",
  "TemperatureOfFusion": 256.27,
  "UNIQUAC_Q": 0.0,
  "UNIQUAC_R": 0.0,
  "Vapor_Pressure_Constant_A": 0.0,
  "Vapor_Pressure_Constant_B": 0.0,
  "Vapor_Pressure_Constant_C": 0.0,
  "Vapor_Pressure_Constant_D": 0.0,
  "Vapor_Pressure_Constant_E": 0.0,
  "Vapor_Pressure_TMAX": 0.0,
  "Vapor_Pressure_TMIN": 0.0,
  "Vapor_Thermal_Conductivity_Const_A": 0.0,
  "Vapor_Thermal_Conductivity_Const_B": 0.0,
  "Vapor_Thermal_Conductivity_Const_C": 0.0,
  "Vapor_Thermal_Conductivity_Const_D": 0.0,
  "Vapor_Thermal_Conductivity_Const_E": 0.0,
  "Vapor_Thermal_Conductivity_Tmax": 0.0,
  "Vapor_Thermal_Conductivity_Tmin": 0.0,
  "Vapor_Viscosity_Const_A": 0.0,
  "Vapor_Viscosity_Const_B": 0.0,
  "Vapor_Viscosity_Const_C": 0.0,
  "Vapor_Viscosity_Const_D": 0.0,
  "Vapor_Viscosity_Const_E": 0.0,
  "Vapor_Viscosity_Tmax": 0.0,
  "Vapor_Viscosity_Tmin": 0.0,
  "VaporizationEnthalpyEquation": "",
  "VaporPressureEquation": "",
  "VaporThermalConductivityEquation": "",
  "VaporViscosityEquation": "",
  "Z_Rackett": 0.2642738336956067,
  "Elements": {},
  "MODFACGroups": {
    "10": "1",
    "18": "1",
    "9": "5"
  },
  "NISTMODFACGroups": {
    "10": "1",
    "18": "1",
    "9": "5"
  },
  "UNIFACGroups": {
    "10": "5",
    "11": "1",
    "19": "1"
  },
  "FullerDiffusionVolume": 0.0,
  "LennardJonesDiameter": 0.0,
  "LennardJonesEnergy": 0.0,
  "Parachor": 0.0
}