{
  "Acentric_Factor": 0.307,
  "BO_BSW": 0.0,
  "BO_GOR": 0.0,
  "BO_OilVisc1": 0.0,
  "BO_OilVisc2": 0.0,
  "BO_OilViscTemp1": 0.0,
  "BO_OilViscTemp2": 0.0,
  "BO_PNA_A": 0.0,
  "BO_PNA_N": 0.0,
  "BO_PNA_P": 0.0,
  "BO_SGG": 0.0,
  "BO_SGO": 0.0,
  "CAS_Number": "67-64-1",
  "Chao_Seader_Acentricity": 0.3099,
  "Chao_Seader_Liquid_Molar_Volume": 73.8386,
  "Chao_Seader_Solubility_Parameter": 0.0047123599262,
  "Charge": 0,
  "ChemicalStructure": "",
  "Comments": "",
  "CompCreatorStudyFile": "",
  "COSMODBName": null,
  "Critical_Compressibility": 0.233,
  "Critical_Pressure": 4700000.0,
  "Critical_Temperature": 508.1,
  "Critical_Volume": 0.209,
  "CurrentDB": "ChemSep",
  "Dipole_Moment": 9.61E-30,
  "Electrolyte_Cp0": 0.0,
  "Electrolyte_DelGF": 0.0,
  "Electrolyte_DelHF": 0.0,
  "EnthalpyOfFusionAtTf": 5.774,
  "Formula": "CH3COCH3",
  "HVap_A": 66943000.0,
  "HVap_B": 3.4736,
  "HVap_C": -8.9271,
  "HVap_D": 10.062,
  "HVap_E": -4.1656,
  "HVap_TMAX": 508.15,
  "HVap_TMIN": 178.45,
  "HydrationNumber": 0.0,
  "ID": 1051,
  "Ideal_Gas_Heat_Capacity_Const_A": 52915.0,
  "Ideal_Gas_Heat_Capacity_Const_B": -669.27,
  "Ideal_Gas_Heat_Capacity_Const_C": 12.201,
  "Ideal_Gas_Heat_Capacity_Const_D": 0.00012839,
  "Ideal_Gas_Heat_Capacity_Const_E": -5.8844E-08,
  "IdealgasCpEquation": "16",
  "IG_Enthalpy_of_Formation_25C": -3713.8979674974526,
  "IG_Entropy_of_Formation_25C": -3.7190402336092814,
  "IG_Gibbs_Energy_of_Formation_25C": -2605.0661218468454,
  "InChI": "",
  "Ion_CpAq_a": 0.0,
  "Ion_CpAq_b": 0.0,
  "Ion_CpAq_c": 0.0,
  "IsBlackOil": false,
  "IsCOOLPROPSupported": true,
  "IsFPROPSSupported": false,
  "IsHydratedSalt": false,
  "IsHYPO": 0,
  "IsIon": false,
  "IsModified": false,
  "IsPF": 0,
  "IsSalt": false,
  "Liquid_Density_Const_A": 1.1051,
  "Liquid_Density_Const_B": 0.24556,
  "Liquid_Density_Const_C": 508.21,
  "Liquid_Density_Const_D": 0.27409,
  "Liquid_Density_Const_E": 0.0,
  "Liquid_Density_Tmax": 508.2,
  "Liquid_Density_Tmin": 178.0,
  "Liquid_Heat_Capacity_Const_A": 107130.0,
  "Liquid_Heat_Capacity_Const_B": 725.57,
  "Liquid_Heat_Capacity_Const_C": 0.95296,
  "Liquid_Heat_Capacity_Const_D": 0.025981,
  "Liquid_Heat_Capacity_Const_E": -1.439E-05,
  "Liquid_Heat_Capacity_Tmax": 329.44,
  "Liquid_Heat_Capacity_Tmin": 178.45,
  "Liquid_Thermal_Conductivity_Const_A": 0.01013,
  "Liquid_Thermal_Conductivity_Const_B": -95.32,
  "Liquid_Thermal_Conductivity_Const_C": -0.21151,
  "Liquid_Thermal_Conductivity_Const_D": -0.0052616,
  "Liquid_Thermal_Conductivity_Const_E": 2.3043E-06,
  "Liquid_Thermal_Conductivity_Tmax": 343.15,
  "Liquid_Thermal_Conductivity_Tmin": 178.45,
  "Liquid_Viscosity_Const_A": -14.064,
  "Liquid_Viscosity_Const_B": 1000.7,
  "Liquid_Viscosity_Const_C": 0.45349,
  "Liquid_Viscosity_Const_D": 3.9456E-07,
  "Liquid_Viscosity_Const_E": 2.0,
  "LiquidDensityEquation": "105",
  "LiquidHeatCapacityEquation": "16",
  "LiquidThermalConductivityEquation": "16",
  "LiquidViscosityEquation": "101",
  "Molar_Weight": 58.07914,
  "MolarVolume_k1i": 0.0,
  "MolarVolume_k2i": 0.0,
  "MolarVolume_k3i": 0.0,
  "MolarVolume_v2i": 0.0,
  "MolarVolume_v3i": 0.0,
  "Name": "Acetone",
  "NBP": null,
  "NegativeIon": "",
  "NegativeIonStoichCoeff": 0,
  "Normal_Boiling_Point": 329.22,
  "OriginalDB": "ChemSep",
  "PC_SAFT_epsilon_k": 0.0,
  "PC_SAFT_m": 0.0,
  "PC_SAFT_sigma": 0.0,
  "PF_MM": null,
  "PF_SG": null,
  "PF_Tv1": null,
  "PF_Tv2": null,
  "PF_v1": null,
  "PF_v2": null,
  "PF_vA": null,
  "PF_vB": null,
  "PF_Watson_K": null,
  "PositiveIon": "",
  "PositiveIonStoichCoeff": 0,
  "PR_Volume_Translation_Coefficient": 0.0,
  "SMILES": "CC(=O)C",
  "Solid_Density_Const_A": 16.677,
  "Solid_Density_Const_B": 1.103E-09,
  "Solid_Density_Const_C": 0.0,
  "Solid_Density_Const_D": 0.0,
  "Solid_Density_Const_E": 0.0,
  "Solid_Density_Tmax": 183.65,
  "Solid_Density_Tmin": 174.15,
  "Solid_Heat_Capacity_Const_A": -13993.0,
  "Solid_Heat_Capacity_Const_B": 1377.0,
  "Solid_Heat_Capacity_Const_C": -8.1059,
  "Solid_Heat_Capacity_Const_D": 0.029271,
  "Solid_Heat_Capacity_Const_E": -4.792E-05,
  "Solid_Heat_Capacity_Tmax": 178.45,
  "Solid_Heat_Capacity_Tmin": 25.0,
  "SolidDensityAtTs": 0.0,
  "SolidDensityEquation": "2",
  "SolidHeatCapacityEquation": "100",
  "SolidTs": 0.0,
  "SRK_Volume_Translation_Coefficient": 0.0,
  "StandardStateMolarVolume": 0.0,
  "StoichSum": 0,
  "Surface_Tension_Const_A": -0.036769,
  "Surface_Tension_Const_B": -1.4835,
  "Surface_Tension_Const_C": -2.315,
  "Surface_Tension_Const_D": -0.0012473,
  "Surface_Tension_Const_E": -1.404E-06,
  "Surface_Tension_Tmax": 490.84,
  "Surface_Tension_Tmin": 178.45,
  "SurfaceTensionEquation": "16",
  "TemperatureOfFusion": 178.45,
  "UNIQUAC_Q": 2.336,
  "UNIQUAC_R": 2.5735,
  "Vapor_Pressure_Constant_A": 72.77713,
  "Vapor_Pressure_Constant_B": -5752.936,
  "Vapor_Pressure_Constant_C": -7.680083,
  "Vapor_Pressure_Constant_D": 6.83076E-06,
  "Vapor_Pressure_Constant_E": 2.0,
  "Vapor_Pressure_TMAX": 508.2,
  "Vapor_Pressure_TMIN": 178.45,
  "Vapor_Thermal_Conductivity_Const_A": -26.882,
  "Vapor_Thermal_Conductivity_Const_B": 0.9036,
  "Vapor_Thermal_Conductivity_Const_C": -120950000.0,
  "Vapor_Thermal_Conductivity_Const_D": -608790000.0,
  "Vapor_Thermal_Conductivity_Const_E": 0.0,
  "Vapor_Thermal_Conductivity_Tmax": 1000.0,
  "Vapor_Thermal_Conductivity_Tmin": 178.45,
  "Vapor_Viscosity_Const_A": 3.1012E-08,
  "Vapor_Viscosity_Const_B": 0.97616,
  "Vapor_Viscosity_Const_C": 23.042,
  "Vapor_Viscosity_Const_D": 14.834,
  "Vapor_Viscosity_Const_E": 0.0,
  "Vapor_Viscosity_Tmax": 1000.0,
  "Vapor_Viscosity_Tmin": 178.45,
  "VaporizationEnthalpyEquation": "106",
  "VaporPressureEquation": "101",
  "VaporThermalConductivityEquation": "102",
  "VaporViscosityEquation": "102",
  "Z_Rackett": 0.0,
  "Elements": {
    "C": 3.0,
    "H": 6.0,
    "O": 1.0
  },
  "MODFACGroups": {
    "1": 1,
    "18": 1
  },
  "NISTMODFACGroups": {
    "1": 1,
    "18": 1
  },
  "UNIFACGroups": {
    "1": 1,
    "19": 1
  },
  "FullerDiffusionVolume": 67.67,
  "LennardJonesDiameter": 4.5E-10,
  "LennardJonesEnergy": 549.0,
  "Parachor": 0.0289,
  "Tag": "",
  "ExtraProperties": {},
  "COSTALD_SRK_Acentric_Factor": 0.3149,
  "COSTALD_Characteristic_Volume": 0.20983
}