{
  "Acentric_Factor": 0.665,
  "BO_BSW": 0.0,
  "BO_GOR": 0.0,
  "BO_OilVisc1": 0.0,
  "BO_OilVisc2": 0.0,
  "BO_OilViscTemp1": 0.0,
  "BO_OilViscTemp2": 0.0,
  "BO_PNA_A": 0.0,
  "BO_PNA_N": 0.0,
  "BO_PNA_P": 0.0,
  "BO_SGG": 0.0,
  "BO_SGO": 0.0,
  "CAS_Number": "67-63-0",
  "Chao_Seader_Acentricity": 0.7238,
  "Chao_Seader_Liquid_Molar_Volume": 76.898800000000008,
  "Chao_Seader_Solubility_Parameter": 0.0055909788218,
  "Charge": 0,
  "ChemicalStructure": "",
  "Comments": "",
  "CompCreatorStudyFile": "",
  "COSMODBName": null,
  "Critical_Compressibility": 0.248,
  "Critical_Pressure": 4762000.0,
  "Critical_Temperature": 508.3,
  "Critical_Volume": 0.22,
  "CurrentDB": "ChemSep",
  "Dipole_Moment": 5.54E-30,
  "Electrolyte_Cp0": 0.0,
  "Electrolyte_DelGF": 0.0,
  "Electrolyte_DelHF": 0.0,
  "EnthalpyOfFusionAtTf": 5.41,
  "Formula": "CH3CH(OH)CH3",
  "HVap_A": 110099500.0,
  "HVap_B": 4.1961,
  "HVap_C": -10.70959,
  "HVap_D": 11.69444,
  "HVap_E": -4.625499,
  "HVap_TMAX": 508.3,
  "HVap_TMIN": 185.28,
  "HydrationNumber": 0.0,
  "ID": 1104,
  "Ideal_Gas_Heat_Capacity_Const_A": 52738.0,
  "Ideal_Gas_Heat_Capacity_Const_B": -555.28,
  "Ideal_Gas_Heat_Capacity_Const_C": 12.347,
  "Ideal_Gas_Heat_Capacity_Const_D": 9.4247E-05,
  "Ideal_Gas_Heat_Capacity_Const_E": -4.5945E-08,
  "IdealgasCpEquation": "16",
  "IG_Enthalpy_of_Formation_25C": -4537.8136158370526,
  "IG_Entropy_of_Formation_25C": -5.5382134961158016,
  "IG_Gibbs_Energy_of_Formation_25C": -2886.5952619701266,
  "InChI": "",
  "Ion_CpAq_a": 0.0,
  "Ion_CpAq_b": 0.0,
  "Ion_CpAq_c": 0.0,
  "IsBlackOil": false,
  "IsCOOLPROPSupported": false,
  "IsFPROPSSupported": false,
  "IsHydratedSalt": false,
  "IsHYPO": 0,
  "IsIon": false,
  "IsModified": false,
  "IsPF": 0,
  "IsSalt": false,
  "Liquid_Density_Const_A": 1.1898,
  "Liquid_Density_Const_B": 0.26648,
  "Liquid_Density_Const_C": 508.3,
  "Liquid_Density_Const_D": 0.23986,
  "Liquid_Density_Const_E": 0.0,
  "Liquid_Density_Tmax": 508.3,
  "Liquid_Density_Tmin": 185.28,
  "Liquid_Heat_Capacity_Const_A": -188260.0,
  "Liquid_Heat_Capacity_Const_B": 277.99,
  "Liquid_Heat_Capacity_Const_C": 9.4459,
  "Liquid_Heat_Capacity_Const_D": 0.010702,
  "Liquid_Heat_Capacity_Const_E": -9.1964E-06,
  "Liquid_Heat_Capacity_Tmax": 480.0,
  "Liquid_Heat_Capacity_Tmin": 185.26,
  "Liquid_Thermal_Conductivity_Const_A": -0.15761,
  "Liquid_Thermal_Conductivity_Const_B": 49.41,
  "Liquid_Thermal_Conductivity_Const_C": -1.6579,
  "Liquid_Thermal_Conductivity_Const_D": 0.0019566,
  "Liquid_Thermal_Conductivity_Const_E": -3.4939E-06,
  "Liquid_Thermal_Conductivity_Tmax": 410.15,
  "Liquid_Thermal_Conductivity_Tmin": 183.65,
  "Liquid_Viscosity_Const_A": -7.4407,
  "Liquid_Viscosity_Const_B": 2259.7,
  "Liquid_Viscosity_Const_C": -1.1149,
  "Liquid_Viscosity_Const_D": 2.963E-07,
  "Liquid_Viscosity_Const_E": 2.0,
  "LiquidDensityEquation": "105",
  "LiquidHeatCapacityEquation": "16",
  "LiquidThermalConductivityEquation": "16",
  "LiquidViscosityEquation": "101",
  "Molar_Weight": 60.09502,
  "MolarVolume_k1i": 0.0,
  "MolarVolume_k2i": 0.0,
  "MolarVolume_k3i": 0.0,
  "MolarVolume_v2i": 0.0,
  "MolarVolume_v3i": 0.0,
  "Name": "Isopropanol",
  "NBP": null,
  "NegativeIon": "",
  "NegativeIonStoichCoeff": 0,
  "Normal_Boiling_Point": 355.39,
  "OriginalDB": "ChemSep",
  "PC_SAFT_epsilon_k": 0.0,
  "PC_SAFT_m": 0.0,
  "PC_SAFT_sigma": 0.0,
  "PF_MM": null,
  "PF_SG": null,
  "PF_Tv1": null,
  "PF_Tv2": null,
  "PF_v1": null,
  "PF_v2": null,
  "PF_vA": null,
  "PF_vB": null,
  "PF_Watson_K": null,
  "PositiveIon": "",
  "PositiveIonStoichCoeff": 0,
  "PR_Volume_Translation_Coefficient": 0.0,
  "SMILES": "CC(O)C",
  "Solid_Density_Const_A": 18.573,
  "Solid_Density_Const_B": -0.011338,
  "Solid_Density_Const_C": 0.0,
  "Solid_Density_Const_D": 0.0,
  "Solid_Density_Const_E": 0.0,
  "Solid_Density_Tmax": 185.28,
  "Solid_Density_Tmin": 74.11,
  "Solid_Heat_Capacity_Const_A": -5999.0,
  "Solid_Heat_Capacity_Const_B": 747.79,
  "Solid_Heat_Capacity_Const_C": 1.6541,
  "Solid_Heat_Capacity_Const_D": -0.049958,
  "Solid_Heat_Capacity_Const_E": 0.0001963,
  "Solid_Heat_Capacity_Tmax": 185.26,
  "Solid_Heat_Capacity_Tmin": 25.0,
  "SolidDensityAtTs": 0.0,
  "SolidDensityEquation": "2",
  "SolidHeatCapacityEquation": "100",
  "SolidTs": 0.0,
  "SRK_Volume_Translation_Coefficient": 0.0,
  "StandardStateMolarVolume": 0.0,
  "StoichSum": 0,
  "Surface_Tension_Const_A": -0.0068771,
  "Surface_Tension_Const_B": -355.64,
  "Surface_Tension_Const_C": 0.079386,
  "Surface_Tension_Const_D": -0.0097522,
  "Surface_Tension_Const_E": 4.9723E-06,
  "Surface_Tension_Tmax": 355.41,
  "Surface_Tension_Tmin": 273.15,
  "SurfaceTensionEquation": "16",
  "TemperatureOfFusion": 185.28,
  "UNIQUAC_Q": 2.51,
  "UNIQUAC_R": 2.78,
  "Vapor_Pressure_Constant_A": 77.70856,
  "Vapor_Pressure_Constant_B": -7630.115,
  "Vapor_Pressure_Constant_C": -7.63517,
  "Vapor_Pressure_Constant_D": 9.965114E-07,
  "Vapor_Pressure_Constant_E": 2.0,
  "Vapor_Pressure_TMAX": 508.3,
  "Vapor_Pressure_TMIN": 185.28,
  "Vapor_Thermal_Conductivity_Const_A": 0.0028843,
  "Vapor_Thermal_Conductivity_Const_B": 0.91609,
  "Vapor_Thermal_Conductivity_Const_C": 11082.0,
  "Vapor_Thermal_Conductivity_Const_D": -222500.0,
  "Vapor_Thermal_Conductivity_Const_E": 0.0,
  "Vapor_Thermal_Conductivity_Tmax": 995.41,
  "Vapor_Thermal_Conductivity_Tmin": 185.28,
  "Vapor_Viscosity_Const_A": 1.9931E-07,
  "Vapor_Viscosity_Const_B": 0.72329,
  "Vapor_Viscosity_Const_C": 178.01,
  "Vapor_Viscosity_Const_D": -15.318,
  "Vapor_Viscosity_Const_E": 0.0,
  "Vapor_Viscosity_Tmax": 1000.0,
  "Vapor_Viscosity_Tmin": 185.28,
  "VaporizationEnthalpyEquation": "106",
  "VaporPressureEquation": "101",
  "VaporThermalConductivityEquation": "102",
  "VaporViscosityEquation": "102",
  "Z_Rackett": 0.2493,
  "Elements": {
    "C": 3.0,
    "H": 8.0,
    "O": 1.0
  },
  "MODFACGroups": {
    "1": 2,
    "14": 1,
    "3": 1
  },
  "NISTMODFACGroups": {
    "1": 2,
    "14": 1,
    "3": 1
  },
  "UNIFACGroups": {
    "1": 2,
    "15": 1,
    "3": 1
  },
  "FullerDiffusionVolume": 72.28999,
  "LennardJonesDiameter": 4.64E-10,
  "LennardJonesEnergy": 518.0,
  "Parachor": 0.0368,
  "Tag": "",
  "ExtraProperties": {},
  "COSTALD_SRK_Acentric_Factor": 0.66368,
  "COSTALD_Characteristic_Volume": 0.23883
}