{
  "Acentric_Factor": 0.0,
  "BO_BSW": 0.0,
  "BO_GOR": 0.0,
  "BO_OilVisc1": 0.0,
  "BO_OilVisc2": 0.0,
  "BO_OilViscTemp1": 0.0,
  "BO_OilViscTemp2": 0.0,
  "BO_PNA_A": 0.0,
  "BO_PNA_N": 0.0,
  "BO_PNA_P": 0.0,
  "BO_SGG": 0.0,
  "BO_SGO": 0.0,
  "CAS_Number": "98-00-0",
  "Chao_Seader_Acentricity": 0.0,
  "Chao_Seader_Liquid_Molar_Volume": 0.0,
  "Chao_Seader_Solubility_Parameter": 0.0,
  "Charge": 0,
  "ChemicalStructure": "",
  "Comments": "",
  "CompCreatorStudyFile": "D:\\DWSIM\\Furfuryl alcohol.dwcsd2",
  "COSMODBName": null,
  "Critical_Compressibility": 0.0,
  "Critical_Pressure": 5350000.0,
  "Critical_Temperature": 632.15,
  "Critical_Volume": 0.0,
  "CurrentDB": "User",
  "Dipole_Moment": 0.0,
  "Electrolyte_Cp0": 0.0,
  "Electrolyte_DelGF": 0.0,
  "Electrolyte_DelHF": 0.0,
  "EnthalpyOfFusionAtTf": 13.129,
  "Formula": "C5H6O2",
  "HVap_A": "NaN",
  "HVap_B": 0.0,
  "HVap_C": 0.0,
  "HVap_D": 0.0,
  "HVap_E": 0.0,
  "HVap_TMAX": 0.0,
  "HVap_TMIN": 0.0,
  "HydrationNumber": 0.0,
  "ID": 35986,
  "Ideal_Gas_Heat_Capacity_Const_A": 33700.0,
  "Ideal_Gas_Heat_Capacity_Const_B": 249.0,
  "Ideal_Gas_Heat_Capacity_Const_C": 0.253,
  "Ideal_Gas_Heat_Capacity_Const_D": -0.000384,
  "Ideal_Gas_Heat_Capacity_Const_E": 1.29E-07,
  "IdealgasCpEquation": "5",
  "IG_Enthalpy_of_Formation_25C": -2161.06014271152,
  "IG_Entropy_of_Formation_25C": 0.0,
  "IG_Gibbs_Energy_of_Formation_25C": 0.0,
  "InChI": "1S/C5H6O2/c6-4-5-2-1-3-7-5/h1-3,6H,4H2",
  "Ion_CpAq_a": 0.0,
  "Ion_CpAq_b": 0.0,
  "Ion_CpAq_c": 0.0,
  "IsBlackOil": false,
  "IsCOOLPROPSupported": false,
  "IsFPROPSSupported": false,
  "IsHydratedSalt": false,
  "IsHYPO": 0,
  "IsIon": false,
  "IsModified": false,
  "IsPF": 0,
  "IsSalt": false,
  "Liquid_Density_Const_A": 0.0,
  "Liquid_Density_Const_B": 0.0,
  "Liquid_Density_Const_C": 0.0,
  "Liquid_Density_Const_D": 0.0,
  "Liquid_Density_Const_E": 0.0,
  "Liquid_Density_Tmax": 0.0,
  "Liquid_Density_Tmin": 0.0,
  "Liquid_Heat_Capacity_Const_A": 0.0,
  "Liquid_Heat_Capacity_Const_B": 0.0,
  "Liquid_Heat_Capacity_Const_C": 0.0,
  "Liquid_Heat_Capacity_Const_D": 0.0,
  "Liquid_Heat_Capacity_Const_E": 0.0,
  "Liquid_Heat_Capacity_Tmax": 0.0,
  "Liquid_Heat_Capacity_Tmin": 0.0,
  "Liquid_Thermal_Conductivity_Const_A": 0.0,
  "Liquid_Thermal_Conductivity_Const_B": 0.0,
  "Liquid_Thermal_Conductivity_Const_C": 0.0,
  "Liquid_Thermal_Conductivity_Const_D": 0.0,
  "Liquid_Thermal_Conductivity_Const_E": 0.0,
  "Liquid_Thermal_Conductivity_Tmax": 0.0,
  "Liquid_Thermal_Conductivity_Tmin": 0.0,
  "Liquid_Viscosity_Const_A": 0.0,
  "Liquid_Viscosity_Const_B": 0.0,
  "Liquid_Viscosity_Const_C": 0.0,
  "Liquid_Viscosity_Const_D": 0.0,
  "Liquid_Viscosity_Const_E": 0.0,
  "LiquidDensityEquation": "0",
  "LiquidHeatCapacityEquation": "0",
  "LiquidThermalConductivityEquation": "0",
  "LiquidViscosityEquation": "0",
  "Molar_Weight": 98.1,
  "MolarVolume_k1i": 0.0,
  "MolarVolume_k2i": 0.0,
  "MolarVolume_k3i": 0.0,
  "MolarVolume_v2i": 0.0,
  "MolarVolume_v3i": 0.0,
  "Name": "2-Furanmethanol",
  "NBP": 347.65,
  "NegativeIon": "",
  "NegativeIonStoichCoeff": 0,
  "Normal_Boiling_Point": 442.5,
  "OriginalDB": "User",
  "PC_SAFT_epsilon_k": 0.0,
  "PC_SAFT_m": 0.0,
  "PC_SAFT_sigma": 0.0,
  "PF_MM": null,
  "PF_SG": null,
  "PF_Tv1": null,
  "PF_Tv2": null,
  "PF_v1": null,
  "PF_v2": null,
  "PF_vA": null,
  "PF_vB": null,
  "PF_Watson_K": null,
  "PositiveIon": "",
  "PositiveIonStoichCoeff": 0,
  "PR_Volume_Translation_Coefficient": 0.0,
  "SMILES": "O(CC1=CC=CO1)[H]",
  "Solid_Density_Const_A": 1.62095,
  "Solid_Density_Const_B": -0.005,
  "Solid_Density_Const_C": 0.0,
  "Solid_Density_Const_D": 0.0,
  "Solid_Density_Const_E": 0.0,
  "Solid_Density_Tmax": 258.6,
  "Solid_Density_Tmin": 0.0,
  "Solid_Heat_Capacity_Const_A": 0.0,
  "Solid_Heat_Capacity_Const_B": 0.0,
  "Solid_Heat_Capacity_Const_C": 0.0,
  "Solid_Heat_Capacity_Const_D": 0.0,
  "Solid_Heat_Capacity_Const_E": 0.0,
  "Solid_Heat_Capacity_Tmax": 258.6,
  "Solid_Heat_Capacity_Tmin": 0.0,
  "SolidDensityAtTs": 0.0,
  "SolidDensityEquation": "2",
  "SolidHeatCapacityEquation": "0",
  "SolidTs": 0.0,
  "SRK_Volume_Translation_Coefficient": 0.0,
  "StandardStateMolarVolume": 0.0,
  "StoichSum": 0,
  "Surface_Tension_Const_A": 0.0,
  "Surface_Tension_Const_B": 0.0,
  "Surface_Tension_Const_C": 0.0,
  "Surface_Tension_Const_D": 0.0,
  "Surface_Tension_Const_E": 0.0,
  "Surface_Tension_Tmax": 0.0,
  "Surface_Tension_Tmin": 0.0,
  "SurfaceTensionEquation": "",
  "TemperatureOfFusion": 258.6,
  "UNIQUAC_Q": 0.0,
  "UNIQUAC_R": 0.0,
  "Vapor_Pressure_Constant_A": 0.0,
  "Vapor_Pressure_Constant_B": 0.0,
  "Vapor_Pressure_Constant_C": 0.0,
  "Vapor_Pressure_Constant_D": 0.0,
  "Vapor_Pressure_Constant_E": 0.0,
  "Vapor_Pressure_TMAX": 0.0,
  "Vapor_Pressure_TMIN": 0.0,
  "Vapor_Thermal_Conductivity_Const_A": 0.0,
  "Vapor_Thermal_Conductivity_Const_B": 0.0,
  "Vapor_Thermal_Conductivity_Const_C": 0.0,
  "Vapor_Thermal_Conductivity_Const_D": 0.0,
  "Vapor_Thermal_Conductivity_Const_E": 0.0,
  "Vapor_Thermal_Conductivity_Tmax": 0.0,
  "Vapor_Thermal_Conductivity_Tmin": 0.0,
  "Vapor_Viscosity_Const_A": 0.0,
  "Vapor_Viscosity_Const_B": 0.0,
  "Vapor_Viscosity_Const_C": 0.0,
  "Vapor_Viscosity_Const_D": 0.0,
  "Vapor_Viscosity_Const_E": 0.0,
  "Vapor_Viscosity_Tmax": 0.0,
  "Vapor_Viscosity_Tmin": 0.0,
  "VaporizationEnthalpyEquation": "",
  "VaporPressureEquation": "0",
  "VaporThermalConductivityEquation": "",
  "VaporViscosityEquation": "",
  "Z_Rackett": 0.0,
  "Elements": {
    "C": 5,
    "H": 6,
    "O": 2
  },
  "MODFACGroups": {},
  "NISTMODFACGroups": {},
  "UNIFACGroups": {},
  "FullerDiffusionVolume": 0.0,
  "LennardJonesDiameter": 0.0,
  "LennardJonesEnergy": 0.0,
  "Parachor": 0.0,
  "Tag": "",
  "ExtraProperties": {}
}