{
  "Acentric_Factor": 0.2658,
  "BO_BSW": 0.0,
  "BO_GOR": 0.0,
  "BO_OilVisc1": 0.0,
  "BO_OilVisc2": 0.0,
  "BO_OilViscTemp1": 0.0,
  "BO_OilViscTemp2": 0.0,
  "BO_PNA_A": 0.0,
  "BO_PNA_N": 0.0,
  "BO_PNA_P": 0.0,
  "BO_SGG": 0.0,
  "BO_SGO": 0.0,
  "CAS_Number": "534-22-5",
  "Chao_Seader_Acentricity": 0.0,
  "Chao_Seader_Liquid_Molar_Volume": 0.0,
  "Chao_Seader_Solubility_Parameter": 0.0,
  "Charge": 0,
  "ChemicalStructure": "",
  "Comments": "",
  "CompCreatorStudyFile": "",
  "COSMODBName": null,
  "Critical_Compressibility": 0.264439818739,
  "Critical_Pressure": 4700000.0,
  "Critical_Temperature": 528.0,
  "Critical_Volume": 0.247,
  "CurrentDB": "ChEDL Thermo",
  "Dipole_Moment": 0.7,
  "Electrolyte_Cp0": 0.0,
  "Electrolyte_DelGF": 0.0,
  "Electrolyte_DelHF": 0.0,
  "EnthalpyOfFusionAtTf": 8.55,
  "Formula": "C5H6O",
  "HVap_A": 702.9943346220432,
  "HVap_B": -1.8932122952285981,
  "HVap_C": 0.0040252574724121528,
  "HVap_D": -3.6097458943949814E-06,
  "HVap_E": -1.8891162092440244E-09,
  "HVap_TMAX": 0.0,
  "HVap_TMIN": 0.0,
  "HydrationNumber": 0.0,
  "ID": 774311,
  "Ideal_Gas_Heat_Capacity_Const_A": 0.40868594403227609,
  "Ideal_Gas_Heat_Capacity_Const_B": -5.1615715880809845E-05,
  "Ideal_Gas_Heat_Capacity_Const_C": 1.3205336239225358E-05,
  "Ideal_Gas_Heat_Capacity_Const_D": -2.1115627312256561E-08,
  "Ideal_Gas_Heat_Capacity_Const_E": 1.0673119556370009E-11,
  "IdealgasCpEquation": "5",
  "IG_Enthalpy_of_Formation_25C": 0.0,
  "IG_Entropy_of_Formation_25C": 0.0,
  "IG_Gibbs_Energy_of_Formation_25C": 0.0,
  "InChI": "C5H6O/c1-5-3-2-4-6-5/h2-4H,1H3",
  "Ion_CpAq_a": 0.0,
  "Ion_CpAq_b": 0.0,
  "Ion_CpAq_c": 0.0,
  "IsBlackOil": false,
  "IsCOOLPROPSupported": false,
  "IsFPROPSSupported": false,
  "IsHydratedSalt": false,
  "IsHYPO": 0,
  "IsIon": false,
  "IsModified": false,
  "IsPF": 0,
  "IsSalt": false,
  "Liquid_Density_Const_A": 5.0559536719585683E-06,
  "Liquid_Density_Const_B": 6.5381898256804241E-05,
  "Liquid_Density_Const_C": 518.6791950777864,
  "Liquid_Density_Const_D": 0.028774835361108593,
  "Liquid_Density_Const_E": 0.0,
  "Liquid_Density_Tmax": 337.05,
  "Liquid_Density_Tmin": 184.15,
  "Liquid_Heat_Capacity_Const_A": -0.036653263368660753,
  "Liquid_Heat_Capacity_Const_B": 0.00727548092392328,
  "Liquid_Heat_Capacity_Const_C": -5.4234886124529784E-06,
  "Liquid_Heat_Capacity_Const_D": 9.4976508631475465E-18,
  "Liquid_Heat_Capacity_Const_E": -5.9954389244556483E-21,
  "Liquid_Heat_Capacity_Tmax": 337.05,
  "Liquid_Heat_Capacity_Tmin": 184.15,
  "Liquid_Thermal_Conductivity_Const_A": 0.1807572784705247,
  "Liquid_Thermal_Conductivity_Const_B": -0.00019585836516030145,
  "Liquid_Thermal_Conductivity_Const_C": 8.458215430928845E-11,
  "Liquid_Thermal_Conductivity_Const_D": -4.4628608167811006E-13,
  "Liquid_Thermal_Conductivity_Const_E": 2.3944886471719152E-16,
  "Liquid_Thermal_Conductivity_Tmax": 0.0,
  "Liquid_Thermal_Conductivity_Tmin": 0.0,
  "Liquid_Viscosity_Const_A": -644377.53141100483,
  "Liquid_Viscosity_Const_B": -461.27204175491744,
  "Liquid_Viscosity_Const_C": -3.0845993268651624,
  "Liquid_Viscosity_Const_D": 644388.65371307055,
  "Liquid_Viscosity_Const_E": 0.0,
  "LiquidDensityEquation": "105",
  "LiquidHeatCapacityEquation": "5",
  "LiquidThermalConductivityEquation": "5",
  "LiquidViscosityEquation": "101",
  "Molar_Weight": 82.10054,
  "MolarVolume_k1i": 0.0,
  "MolarVolume_k2i": 0.0,
  "MolarVolume_k3i": 0.0,
  "MolarVolume_v2i": 0.0,
  "MolarVolume_v3i": 0.0,
  "Name": "2-Methylfuran",
  "NBP": 337.05,
  "NegativeIon": "",
  "NegativeIonStoichCoeff": 0,
  "Normal_Boiling_Point": 337.05,
  "OriginalDB": "ChEDL Thermo",
  "PC_SAFT_epsilon_k": 0.0,
  "PC_SAFT_m": 0.0,
  "PC_SAFT_sigma": 0.0,
  "PF_MM": null,
  "PF_SG": null,
  "PF_Tv1": null,
  "PF_Tv2": null,
  "PF_v1": null,
  "PF_v2": null,
  "PF_vA": null,
  "PF_vB": null,
  "PF_Watson_K": null,
  "PositiveIon": "",
  "PositiveIonStoichCoeff": 0,
  "PR_Volume_Translation_Coefficient": 0.0,
  "SMILES": "CC1=CC=CO1",
  "Solid_Density_Const_A": 0.0,
  "Solid_Density_Const_B": 0.0,
  "Solid_Density_Const_C": 0.0,
  "Solid_Density_Const_D": 0.0,
  "Solid_Density_Const_E": 0.0,
  "Solid_Density_Tmax": 0.0,
  "Solid_Density_Tmin": 0.0,
  "Solid_Heat_Capacity_Const_A": -0.043277846987386681,
  "Solid_Heat_Capacity_Const_B": 0.0075506697032521053,
  "Solid_Heat_Capacity_Const_C": -3.25936322684554E-05,
  "Solid_Heat_Capacity_Const_D": 1.2745648542119794E-07,
  "Solid_Heat_Capacity_Const_E": -1.8796850668272024E-10,
  "Solid_Heat_Capacity_Tmax": 184.15,
  "Solid_Heat_Capacity_Tmin": 92.075,
  "SolidDensityAtTs": 0.0,
  "SolidDensityEquation": "",
  "SolidHeatCapacityEquation": "5",
  "SolidTs": 0.0,
  "SRK_Volume_Translation_Coefficient": 0.0,
  "StandardStateMolarVolume": 0.0,
  "StoichSum": 0,
  "Surface_Tension_Const_A": 0.067847889106936329,
  "Surface_Tension_Const_B": -0.00014387779945275377,
  "Surface_Tension_Const_C": 8.4874870550674928E-09,
  "Surface_Tension_Const_D": -4.374928698270766E-11,
  "Surface_Tension_Const_E": 1.4061720668553267E-13,
  "Surface_Tension_Tmax": 0.0,
  "Surface_Tension_Tmin": 0.0,
  "SurfaceTensionEquation": "5",
  "TemperatureOfFusion": 184.15,
  "UNIQUAC_Q": 0.0,
  "UNIQUAC_R": 0.0,
  "Vapor_Pressure_Constant_A": 270.36664162452496,
  "Vapor_Pressure_Constant_B": -5289.8397807066913,
  "Vapor_Pressure_Constant_C": -4.5558097197592256,
  "Vapor_Pressure_Constant_D": -216.67768501151659,
  "Vapor_Pressure_Constant_E": 0.0,
  "Vapor_Pressure_TMAX": 337.05,
  "Vapor_Pressure_TMIN": 184.15,
  "Vapor_Thermal_Conductivity_Const_A": -0.0006932875660754567,
  "Vapor_Thermal_Conductivity_Const_B": -3.5438297337174144E-07,
  "Vapor_Thermal_Conductivity_Const_C": 1.3492589963946472E-07,
  "Vapor_Thermal_Conductivity_Const_D": 3.2012141307121262E-12,
  "Vapor_Thermal_Conductivity_Const_E": -3.9709151640512984E-14,
  "Vapor_Thermal_Conductivity_Tmax": 0.0,
  "Vapor_Thermal_Conductivity_Tmin": 0.0,
  "Vapor_Viscosity_Const_A": -1.1200586921514995E-05,
  "Vapor_Viscosity_Const_B": 1.0645523622770419E-07,
  "Vapor_Viscosity_Const_C": -2.0721116935683695E-10,
  "Vapor_Viscosity_Const_D": 2.4022829432952534E-13,
  "Vapor_Viscosity_Const_E": -1.1092893823359813E-16,
  "Vapor_Viscosity_Tmax": 528.0,
  "Vapor_Viscosity_Tmin": 337.05,
  "VaporizationEnthalpyEquation": "5",
  "VaporPressureEquation": "101",
  "VaporThermalConductivityEquation": "5",
  "VaporViscosityEquation": "5",
  "Z_Rackett": 0.264439818739,
  "Elements": {
    "C": "5",
    "H": "6",
    "O": "1"
  },
  "MODFACGroups": {},
  "NISTMODFACGroups": {},
  "UNIFACGroups": {},
  "FullerDiffusionVolume": 0.0,
  "LennardJonesDiameter": 0.0,
  "LennardJonesEnergy": 0.0,
  "Parachor": 0.0,
  "Tag": "",
  "ExtraProperties": {}
}